Player,Team,Age,G,GS,CG,SHO,IP,H,ER,K,BB,HR,W,L,SV,BS,HLD,ERA,WHIP
Tyler Glasnow,LAD,30,8,8,0,0,50.0,33,15,63,13,4,6,1,0,0,0,2.70,0.92
Logan Gilbert,SEA,26,7,7,0,0,48.0,25,9,50,13,5,3,0,0,0,0,1.69,0.79
Ranger Suarez,PHI,28,7,7,1,1,47.0,28,9,46,6,4,6,0,0,0,0,1.72,0.72
Tanner Houck,BOS,27,7,7,1,1,45.1,37,11,46,7,1,3,3,0,0,0,2.18,0.97
Seth Lugo,KC,34,7,7,0,0,45.0,35,8,31,11,3,5,1,0,0,0,1.60,1.02
Jose Berrios,TOR,29,7,7,1,0,43.2,31,7,31,13,4,4,2,0,0,0,1.44,1.01
Aaron Nola,PHI,30,7,7,0,0,43.1,35,16,40,15,7,4,1,0,0,0,3.32,1.15
Zack Wheeler,PHI,33,7,7,0,0,42.1,27,9,52,12,3,3,3,0,0,0,1.91,0.92
Dylan Cease,SD,28,7,7,0,0,42.1,20,12,48,14,2,4,2,0,0,0,2.55,0.80
Logan Webb,SF,27,7,7,0,0,42.1,45,14,30,10,1,3,2,0,0,0,2.98,1.30
Nestor Cortes,NYY,29,7,7,0,0,42.0,39,18,37,7,5,1,3,0,0,0,3.86,1.10
Paul Blackburn,OAK,30,7,7,0,0,42.0,33,14,31,10,5,3,1,0,0,0,3.00,1.02
Michael King,SD,28,8,7,0,0,42.0,38,20,43,21,10,3,3,0,0,0,4.29,1.40
Luis Castillo,SEA,31,7,7,0,0,41.2,41,16,49,8,5,3,4,0,0,0,3.46,1.18
Nathan Eovaldi,TEX,34,7,7,0,0,41.1,29,12,44,19,3,2,2,0,0,0,2.61,1.16
Corbin Burnes,BAL,29,7,7,0,0,41.1,29,12,41,9,6,3,1,0,0,0,2.61,0.92
Brandon Pfaadt,ARI,25,7,7,0,0,41.0,43,21,42,6,5,1,2,0,0,0,4.61,1.20
Jared Jones,PIT,22,7,7,0,0,41.0,27,12,52,5,7,2,3,0,0,0,2.63,0.78
Joe Musgrove,SD,31,8,8,0,0,41.0,49,29,36,13,10,3,3,0,0,0,6.37,1.51
Zach Eflin,TB,30,7,7,0,0,41.0,44,19,36,4,6,1,4,0,0,0,4.17,1.17
Ross Stripling,OAK,34,7,7,0,0,40.1,46,19,27,8,3,1,5,0,0,0,4.24,1.34
Kutter Crawford,BOS,28,7,7,0,0,40.1,30,7,40,13,1,2,1,0,0,0,1.56,1.07
Reid Detmers,LAA,24,7,7,0,0,40.1,35,19,44,14,5,3,3,0,0,0,4.24,1.21
Brady Singer,KC,27,7,7,0,0,40.1,26,11,42,13,4,2,1,0,0,0,2.45,0.97
Hunter Greene,CIN,24,7,7,0,0,40.1,31,14,47,16,2,1,2,0,0,0,3.12,1.17
Martin Perez,PIT,33,7,7,0,0,40.0,42,14,31,13,2,1,2,0,0,0,3.15,1.38
Mitch Keller,PIT,28,7,7,0,0,40.0,44,23,39,15,5,2,3,0,0,0,5.18,1.48
Cal Quantrill,COL,29,7,7,0,0,39.2,37,19,26,14,6,1,3,0,0,0,4.31,1.29
Yusei Kikuchi,TOR,32,7,7,0,0,39.2,37,12,43,9,2,2,2,0,0,0,2.72,1.16
JP Sears,OAK,28,7,7,0,0,39.1,30,17,30,12,5,2,2,0,0,0,3.89,1.07
Erick Fedde,CWS,31,7,7,0,0,39.0,32,15,41,14,7,2,0,0,0,0,3.46,1.18
Zack Littell,TB,28,7,7,0,0,39.0,46,13,42,5,3,1,2,0,0,0,3.00,1.31
Ronel Blanco,HOU,30,6,6,1,1,38.2,21,9,36,16,4,3,0,0,0,0,2.09,0.96
Jake Irvin,WSH,27,7,7,0,0,38.2,38,16,30,8,3,2,3,0,0,0,3.72,1.19
George Kirby,SEA,26,7,7,0,0,38.1,36,16,41,4,2,3,2,0,0,0,3.76,1.04
Jordan Hicks,SF,27,7,7,0,0,38.0,25,8,30,14,1,2,1,0,0,0,1.89,1.03
Andrew Abbott,CIN,24,7,7,0,0,38.0,33,14,35,11,7,1,4,0,0,0,3.32,1.16
Kyle Harrison,SF,22,7,7,0,0,38.0,39,16,38,10,5,2,1,0,0,0,3.79,1.29
Austin Gomber,COL,30,7,7,0,0,38.0,36,16,25,13,7,0,2,0,0,0,3.79,1.29
Kyle Gibson,STL,36,6,6,0,0,38.0,29,16,29,14,6,2,2,0,0,0,3.79,1.13
Miles Mikolas,STL,35,7,7,0,0,38.0,46,24,29,7,7,2,4,0,0,0,5.68,1.39
Patrick Corbin,WSH,34,7,7,0,0,37.2,53,27,25,15,4,0,3,0,0,0,6.45,1.81
Michael Wacha,KC,32,7,7,0,0,37.2,45,23,31,10,4,1,4,0,0,0,5.50,1.46
Pablo Lopez,MIN,28,7,7,0,0,37.2,31,18,45,8,6,3,2,0,0,0,4.30,1.04
Dane Dunning,TEX,29,7,7,0,0,37.1,26,17,43,17,7,3,2,0,0,0,4.10,1.15
Marcus Stroman,NYY,33,7,7,0,0,37.0,33,14,35,20,5,2,1,0,0,0,3.41,1.43
Logan Allen,CLE,25,7,7,0,0,37.0,40,21,31,12,7,3,2,0,0,0,5.11,1.41
Tarik Skubal,DET,27,6,6,0,0,36.2,21,7,41,6,2,4,0,0,0,0,1.72,0.74
Aaron Civale,TB,28,7,7,0,0,36.2,39,25,39,10,7,2,2,0,0,0,6.14,1.34
Cole Ragans,KC,26,7,7,1,0,36.2,37,14,46,13,1,2,2,0,0,0,3.44,1.36
Chris Sale,ATL,35,6,6,0,0,36.2,28,14,42,7,4,4,1,0,0,0,3.44,0.95
Carlos Rodon,NYY,31,7,7,0,0,36.2,33,15,36,14,6,2,2,0,0,0,3.68,1.28
Chris Bassitt,TOR,35,7,7,0,0,36.1,43,22,34,18,6,2,5,0,0,0,5.45,1.68
Tyler Anderson,LAA,34,6,6,0,0,36.1,24,9,27,15,5,2,3,0,0,0,2.23,1.07
Jose Quintana,NYM,35,7,7,0,0,36.1,40,21,25,16,3,1,3,0,0,0,5.20,1.54
Tanner Bibee,CLE,25,7,7,0,0,36.1,37,18,39,13,6,2,1,0,0,0,4.46,1.38
Clarke Schmidt,NYY,28,7,7,0,0,36.0,34,14,41,13,5,3,1,0,0,0,3.50,1.31
Charlie Morton,ATL,40,6,6,0,0,36.0,28,14,33,13,3,2,0,0,0,0,3.50,1.14
Jack Flaherty,DET,28,6,6,0,0,36.0,32,16,50,5,5,0,1,0,0,0,4.00,1.03
Lance Lynn,STL,36,7,7,0,0,35.2,34,13,33,16,5,1,0,0,0,0,3.28,1.40
Ryan Weathers,MIA,24,7,7,0,0,35.2,34,18,31,15,5,2,3,0,0,0,4.54,1.37
Bryce Miller,SEA,25,6,6,0,0,35.1,19,8,39,12,5,3,2,0,0,0,2.04,0.88
Luis Severino,NYM,30,6,6,0,0,35.0,26,9,31,11,2,2,2,0,0,0,2.31,1.06
Cole Irvin,BAL,30,6,6,0,0,34.2,30,11,22,7,2,3,1,0,0,0,2.86,1.07
Joe Ryan,MIN,27,6,6,0,0,34.2,31,13,41,5,4,1,1,0,0,0,3.38,1.04
Keaton Winn,SF,26,7,7,0,0,34.2,27,17,28,12,3,3,4,0,0,0,4.41,1.13
Garrett Crochet,CWS,24,7,7,0,0,34.2,29,23,47,9,7,1,4,0,0,0,5.97,1.10
Ryan Pepiot,TB,26,6,6,0,0,34.2,20,12,38,10,4,3,2,0,0,0,3.12,0.87
Graham Ashcraft,CIN,26,6,6,0,0,34.2,35,14,30,9,5,3,1,0,0,0,3.63,1.27
Shota Imanaga,CHC,30,6,6,0,0,34.2,22,3,35,4,2,5,0,0,0,0,0.78,0.75
Dean Kremer,BAL,28,6,6,0,0,34.1,27,16,31,10,8,2,2,0,0,0,4.19,1.08
Yoshinobu Yamamoto,LAD,25,7,7,0,0,34.0,29,11,42,8,3,3,1,0,0,0,2.91,1.09
Grayson Rodriguez,BAL,24,6,6,0,0,34.0,36,14,37,12,4,4,1,0,0,0,3.71,1.41
Trevor Rogers,MIA,26,7,7,0,0,33.2,43,23,28,15,4,0,5,0,0,0,6.15,1.72
Freddy Peralta,MIL,27,6,6,0,0,33.2,20,12,45,9,4,3,0,0,0,0,3.21,0.86
Colin Rea,MIL,33,6,6,0,0,33.2,30,10,23,11,5,3,0,0,0,0,2.67,1.22
Kevin Gausman,TOR,33,7,7,0,0,33.1,35,14,31,8,4,2,3,0,0,0,3.78,1.29
Ryan Feltner,COL,27,6,6,0,0,33.1,39,19,33,10,4,1,2,0,0,0,5.13,1.47
Michael Soroka,CWS,26,7,7,0,0,33.1,35,24,16,19,7,0,3,0,0,0,6.48,1.62
Reese Olson,DET,24,6,6,0,0,33.1,28,10,31,13,0,0,4,0,0,0,2.70,1.23
Jon Gray,TEX,32,7,6,0,0,32.2,28,9,35,11,2,1,1,0,0,0,2.48,1.19
Spencer Turnbull,PHI,31,6,6,0,0,32.1,17,6,36,10,3,2,0,0,0,0,1.67,0.84
Zac Gallen,ARI,28,6,6,0,0,32.0,30,12,35,9,4,3,2,0,0,0,3.38,1.22
Patrick Sandoval,LAA,27,7,7,0,0,32.0,38,21,38,16,2,1,5,0,0,0,5.91,1.69
Bailey Falter,PIT,27,6,6,0,0,32.0,23,15,23,7,5,2,2,0,0,0,4.22,0.94
Chris Paddack,MIN,28,6,6,0,0,32.0,40,17,27,7,5,3,1,0,0,0,4.78,1.47
Javier Assad,CHC,26,6,6,0,0,32.0,23,7,27,9,2,2,0,0,0,0,1.97,1.00
Bailey Ober,MIN,28,6,6,0,0,31.2,26,16,28,7,4,3,1,0,0,0,4.55,1.04
Casey Mize,DET,27,6,6,0,0,31.2,35,14,24,7,2,1,1,0,0,0,3.98,1.33
Trevor Williams,WSH,32,6,6,0,0,31.2,25,8,22,12,0,3,0,0,0,0,2.27,1.17
Max Fried,ATL,30,6,6,1,1,31.1,26,14,25,11,2,2,0,0,0,0,4.02,1.18
Alex Wood,OAK,33,7,7,0,0,31.1,45,22,29,17,5,1,2,0,0,0,6.32,1.98
Joe Ross,MIL,30,6,6,0,0,31.0,36,16,27,12,3,1,3,0,0,0,4.65,1.55
Matt Waldron,SD,27,6,6,0,0,31.0,32,15,27,10,4,1,3,0,0,0,4.35,1.35
Gavin Stone,LAD,25,6,6,0,0,31.0,29,14,23,13,2,2,1,0,0,0,4.06,1.35
MacKenzie Gore,WSH,25,6,6,0,0,31.0,33,11,38,9,2,2,3,0,0,0,3.19,1.35
Luis Gil,NYY,25,6,6,0,0,31.0,17,11,40,20,2,2,1,0,0,0,3.19,1.19
Emerson Hancock,SEA,24,6,6,0,0,30.1,30,16,23,9,5,3,3,0,0,0,4.75,1.29
Sonny Gray,STL,34,5,5,0,0,30.1,21,3,38,5,1,4,1,0,0,0,0.89,0.86
Dakota Hudson,COL,29,6,6,0,0,30.1,34,20,18,17,3,0,5,0,0,0,5.93,1.68
Reynaldo Lopez,ATL,30,5,5,0,0,30.0,20,5,31,10,2,2,1,0,0,0,1.50,1.00
Andrew Heaney,TEX,32,6,6,0,0,30.0,24,17,26,9,5,0,4,0,0,0,5.10,1.10
Nick Martinez,CIN,33,7,4,0,0,30.0,36,17,22,4,2,0,2,0,0,1,5.10,1.33
Chris Flexen,CWS,29,7,5,0,0,29.2,27,16,17,12,5,1,3,0,0,0,4.85,1.31
Sean Manaea,NYM,32,6,6,0,0,29.1,24,10,30,18,1,1,1,0,0,0,3.07,1.43
Cristopher Sanchez,PHI,27,6,6,0,0,29.1,32,12,29,13,1,1,3,0,0,0,3.68,1.53
Griffin Canning,LAA,27,6,6,0,0,29.0,33,24,21,12,5,1,3,0,0,0,7.45,1.55
Triston McKenzie,CLE,26,6,6,0,0,29.0,25,14,24,18,4,2,2,0,0,0,4.34,1.48
Jose Soriano,LAA,25,7,5,0,0,28.2,22,12,26,15,3,1,4,0,0,1,3.77,1.29
Tyler Alexander,TB,29,6,3,0,0,28.2,31,16,23,9,5,1,1,0,0,0,5.02,1.40
Adrian Houser,NYM,31,6,6,0,0,28.2,33,26,16,20,2,0,3,0,0,0,8.16,1.85
Kenta Maeda,DET,36,6,6,0,0,28.2,28,16,22,7,8,1,1,0,0,0,5.02,1.22
Yu Darvish,SD,37,6,6,0,0,28.2,23,11,25,10,2,1,1,0,0,0,3.45,1.15
Tommy Henry,ARI,26,6,6,0,0,28.1,35,17,24,11,4,1,2,0,0,0,5.40,1.62
Jose Butto,NYM,26,5,5,0,0,28.0,16,8,31,14,2,0,2,0,0,0,2.57,1.07
Ben Brown,CHC,24,8,4,0,0,27.2,24,13,27,11,2,0,1,0,0,1,4.23,1.27
Steven Matz,STL,32,6,6,0,0,27.2,37,19,17,11,3,1,2,0,0,0,6.18,1.73
Carlos Carrasco,CLE,37,6,6,0,0,27.1,31,20,23,15,5,1,2,0,0,0,6.59,1.68
Ryan Yarbrough,LAD,32,9,0,0,0,27.0,15,9,12,5,3,2,1,1,0,0,3.00,0.74
Brayan Bello,BOS,24,5,5,0,0,26.2,21,9,26,7,4,3,1,0,0,0,3.04,1.05
Joe Boyle,OAK,24,6,6,0,0,26.2,24,18,28,20,2,2,4,0,0,0,6.08,1.65
Alec Marsh,KC,25,5,5,0,0,26.2,20,8,17,7,1,3,0,0,0,0,2.70,1.01
Jesus Luzardo,MIA,26,5,5,0,0,26.0,24,19,27,13,5,0,2,0,0,0,6.58,1.42
James Paxton,LAD,35,5,5,0,0,25.2,21,10,15,22,2,3,0,0,0,0,3.51,1.68
J.P. France,HOU,29,5,5,0,0,25.1,31,21,22,12,5,0,3,0,0,0,7.46,1.70
Merrill Kelly,ARI,35,4,4,0,0,24.2,17,6,21,6,3,2,0,0,0,0,2.19,0.93
Jameson Taillon,CHC,32,4,4,0,0,24.0,16,3,16,5,2,3,0,0,0,0,1.13,0.88
Bryse Wilson,MIL,26,9,3,0,0,24.0,17,8,21,7,4,2,1,0,0,0,3.00,1.00
Nick Lodolo,CIN,26,4,4,0,0,24.0,15,5,31,6,1,3,0,0,0,0,1.88,0.88
Cristian Javier,HOU,27,4,4,0,0,23.1,15,4,18,11,1,2,0,0,0,0,1.54,1.11
Hunter Brown,HOU,25,6,6,0,0,23.0,37,25,24,14,5,0,4,0,0,0,9.78,2.22
Jordan Wicks,CHC,24,5,5,0,0,23.0,26,12,28,9,2,1,2,0,0,0,4.70,1.52
Michael Lorenzen,TEX,32,4,4,0,0,23.0,16,9,17,12,3,2,1,0,0,0,3.52,1.22
Framber Valdez,HOU,30,4,4,0,0,22.2,25,10,19,7,2,1,1,0,0,0,3.97,1.41
Josh Winckowski,BOS,25,10,3,0,0,22.1,24,8,19,10,2,1,1,0,0,0,3.22,1.52
Luke Weaver,NYY,30,12,0,0,0,22.0,12,7,21,4,2,3,0,0,0,3,2.86,0.73
Ben Lively,CLE,32,4,4,0,0,21.2,16,5,24,6,2,1,1,0,0,0,2.08,1.02
Mitchell Parker,WSH,24,4,4,0,0,21.1,19,6,19,4,0,2,1,0,0,0,2.53,1.08
Kyle Hendricks,CHC,34,5,5,0,0,21.0,37,28,16,7,8,0,3,0,0,0,12.00,2.10
Derek Law,WSH,33,16,0,0,0,21.0,25,8,23,6,2,2,1,0,1,2,3.43,1.48
Alex Faedo,DET,28,12,0,0,0,21.0,16,6,16,8,3,2,1,0,2,2,2.57,1.14
Jose Urena,TEX,32,10,0,0,0,20.2,18,10,16,9,2,0,2,0,0,0,4.35,1.31
Peter Lambert,COL,27,9,2,0,0,20.2,22,13,18,9,2,2,1,0,0,0,5.66,1.50
Kyle Muller,OAK,26,8,0,0,0,20.2,17,6,16,3,2,0,0,0,0,0,2.61,0.97
Bryce Jarvis,ARI,26,13,0,0,0,20.0,18,11,18,14,3,0,1,0,0,2,4.95,1.60
Victor Vodnik,COL,24,14,0,0,0,19.2,18,5,18,9,0,0,0,0,0,0,2.29,1.37
Bryan Hoeing,MIA,27,11,0,0,0,19.2,13,4,16,5,1,0,0,0,0,2,1.83,0.92
Brent Suter,CIN,34,12,0,0,0,19.2,18,8,17,6,3,0,0,0,0,1,3.66,1.22
Frankie Montas,CIN,31,5,5,0,0,19.1,18,9,14,10,3,2,2,0,0,0,4.19,1.45
Bryan Hudson,MIL,26,13,0,0,0,19.1,9,2,21,5,1,2,0,0,0,3,0.93,0.72
Edward Cabrera,MIA,26,4,4,0,0,19.1,19,13,30,10,2,1,1,0,0,0,6.05,1.50
Cody Bradford,TEX,26,3,3,0,0,19.1,10,3,17,2,1,3,0,0,0,0,1.40,0.62
Justin Slaten,BOS,26,11,0,0,0,19.0,11,2,15,2,0,2,0,1,0,3,0.95,0.68
Mitch Spence,OAK,25,8,0,0,0,19.0,12,6,16,5,1,3,1,0,0,0,2.84,0.89
Michael Grove,LAD,27,12,1,0,0,19.0,19,13,23,7,1,1,1,0,0,3,6.16,1.37
Garrett Whitlock,BOS,27,4,4,0,0,18.1,14,4,17,7,1,1,0,0,0,0,1.96,1.15
Seth Martinez,HOU,29,15,0,0,0,18.1,13,4,11,4,2,2,2,0,0,1,1.96,0.93
Michael Kelly,OAK,31,15,0,0,0,18.1,16,6,12,5,2,2,0,0,0,2,2.95,1.15
Jose Suarez,LAA,26,10,0,0,0,18.0,22,18,19,14,3,0,0,0,0,0,9.00,2.00
Ryan Helsley,STL,29,18,0,0,0,18.0,14,3,19,2,1,2,2,11,1,0,1.50,0.89
JoJo Romero,STL,27,17,0,0,0,17.2,8,3,18,2,1,0,0,0,0,11,1.53,0.57
Buck Farmer,CIN,33,12,0,0,0,17.2,13,6,14,5,2,0,0,0,0,0,3.06,1.02
Justin Verlander,HOU,41,3,3,0,0,17.1,13,4,13,7,2,1,0,0,0,0,2.08,1.15
Michael Kopech,CWS,28,15,0,0,0,17.1,12,8,25,10,3,1,3,2,1,1,4.15,1.27
Yennier Cano,BAL,30,17,0,0,0,17.1,15,4,17,5,2,2,1,1,1,8,2.08,1.15
Matt Manning,DET,26,3,3,0,0,17.0,12,8,17,8,3,0,1,0,0,0,4.24,1.18
Ian Hamilton,NYY,28,13,0,0,0,17.0,12,5,13,8,0,0,0,0,0,5,2.65,1.18
Zack Thompson,STL,26,5,2,0,0,17.0,24,18,20,8,6,0,2,0,0,0,9.53,1.88
Luis Ortiz,PIT,25,10,0,0,0,17.0,10,6,14,10,0,1,1,0,1,1,3.18,1.18
Max Meyer,MIA,25,3,3,0,0,17.0,11,4,14,3,2,2,0,0,0,0,2.12,0.82
Ryan Walker,SF,28,17,1,0,0,17.0,12,5,21,4,0,3,2,0,0,3,2.65,0.94
Reed Garrett,NYM,31,11,0,0,0,17.0,9,1,29,8,1,5,0,1,1,1,0.53,1.00
Hunter Harvey,WSH,29,15,0,0,0,17.0,14,5,22,4,0,1,1,0,0,11,2.65,1.06
Marco Gonzales,PIT,32,3,3,0,0,17.0,15,5,11,5,1,0,0,0,0,0,2.65,1.18
David Robertson,TEX,39,14,0,0,0,16.2,9,2,20,5,1,1,0,0,2,10,1.08,0.84
Chase Anderson,BOS,36,8,1,0,0,16.2,14,9,9,5,3,0,1,2,0,0,4.86,1.14
Stephen Kolek,SD,27,16,0,0,0,16.2,19,7,15,7,1,0,0,0,0,2,3.78,1.56
Louie Varland,MIN,26,4,4,0,0,16.2,27,17,18,9,6,0,4,0,0,0,9.18,2.16
Dylan Lee,ATL,29,9,0,0,0,16.2,14,3,14,7,1,0,1,0,0,0,1.62,1.26
Hayden Wesneski,CHC,26,4,2,0,0,16.2,9,1,14,3,0,2,0,0,0,0,0.54,0.72
Nick Sandlin,CLE,27,18,0,0,0,16.1,7,4,19,3,1,2,0,1,0,2,2.20,0.61
DL Hall,MIL,25,4,4,0,0,16.1,27,14,13,10,4,0,1,0,0,0,7.71,2.27
Emmanuel Clase,CLE,26,17,0,0,0,16.1,12,1,16,1,0,1,1,9,2,0,0.55,0.80
Brandon Bielak,HOU,28,9,0,0,0,16.1,20,9,9,6,3,0,0,0,0,0,4.96,1.59
Quinn Priester,PIT,23,3,3,0,0,16.1,15,6,11,6,5,0,2,0,0,0,3.31,1.29
Spencer Arrighetti,HOU,24,4,4,0,0,16.1,22,15,21,10,1,0,3,0,0,0,8.27,1.96
Cooper Criswell,BOS,27,4,3,0,0,16.1,13,3,11,3,1,2,1,0,0,0,1.65,0.98
Alex Vesia,LAD,28,16,0,0,0,16.1,8,3,19,12,2,1,2,0,0,2,1.65,1.22
Slade Cecconi,ARI,24,3,3,0,0,16.1,10,9,15,3,3,1,2,0,0,0,4.96,0.80
Hunter Stratton,PIT,27,15,0,0,0,16.1,14,5,18,1,2,1,0,1,1,1,2.76,0.92
Matthew Liberatore,STL,24,12,0,0,0,16.1,10,5,10,8,1,1,1,0,0,1,2.76,1.10
Burch Smith,MIA,34,14,0,0,0,16.1,19,6,12,7,0,1,0,0,0,1,3.31,1.59
Scott Barlow,CLE,31,18,0,0,0,16.1,12,5,20,8,1,2,2,1,0,7,2.76,1.22
Clay Holmes,NYY,31,16,0,0,0,16.1,14,0,18,1,0,1,0,11,1,0,0.00,0.92
Scott McGough,ARI,34,15,0,0,0,16.0,18,12,10,10,2,1,3,0,2,1,6.75,1.75
Jason Adam,TB,32,16,0,0,0,16.0,7,3,13,6,2,2,0,2,1,7,1.69,0.81
Jorge Lopez,NYM,31,16,0,0,0,16.0,12,4,13,6,0,0,0,2,0,3,2.25,1.13
Jay Jackson,MIN,36,11,0,0,0,16.0,13,7,18,5,3,1,1,0,0,0,3.94,1.13
Jordan Montgomery,ARI,31,3,3,0,0,16.0,17,10,8,4,3,1,2,0,0,0,5.63,1.31
Jacob Latz,TEX,28,16,0,0,0,16.0,12,5,14,4,1,0,1,0,0,4,2.81,1.00
Jalen Beeks,COL,30,14,0,0,0,16.0,11,5,12,8,2,2,2,1,1,1,2.81,1.19
Declan Cronin,MIA,26,10,0,0,0,16.0,13,3,19,9,0,0,2,0,0,0,1.69,1.38
Erik Miller,SF,26,16,1,0,0,16.0,7,9,20,10,2,0,1,0,1,4,5.06,1.06
Landon Knack,LAD,26,3,3,0,0,16.0,11,5,11,5,3,1,1,0,0,0,2.81,1.00
Elvis Peguero,MIL,27,14,0,0,0,16.0,18,6,15,6,0,4,0,0,0,4,3.38,1.50
Josh Fleming,PIT,27,13,1,0,0,16.0,11,4,10,6,1,1,1,1,0,1,2.25,1.06
Cade Smith,CLE,24,16,0,0,0,15.2,10,4,24,6,0,1,0,0,1,2,2.30,1.02
Trevor Richards,TOR,30,16,0,0,0,15.2,8,6,17,8,3,0,0,0,0,3,3.45,1.02
Hunter Gaddis,CLE,26,17,0,0,0,15.2,14,5,17,3,1,1,1,0,3,7,2.87,1.09
Ryne Nelson,ARI,26,4,4,0,0,15.2,19,8,13,5,2,1,2,0,0,0,4.60,1.53
Bryan Abreu,HOU,27,15,0,0,0,15.2,14,7,21,11,4,1,1,0,1,4,4.02,1.60
Dylan Floro,WSH,33,15,0,0,0,15.2,9,1,13,7,0,0,0,0,0,4,0.57,1.02
Thyago Vieira,MIL,30,10,0,0,0,15.2,12,9,18,10,4,0,0,1,0,0,5.17,1.40
Rafael Montero,HOU,33,16,0,0,0,15.2,10,6,8,5,2,0,1,0,2,4,3.45,0.96
Shawn Armstrong,TB,33,12,3,0,0,15.2,13,6,20,7,0,1,1,1,0,2,3.45,1.28
Kyle Freeland,COL,30,4,4,0,0,15.2,32,23,9,8,3,0,3,0,0,0,13.21,2.55
Shelby Miller,DET,33,13,0,0,0,15.1,10,5,14,4,2,3,3,0,2,3,2.93,0.91
Albert Suarez,BAL,34,3,3,0,0,15.1,14,4,15,3,1,1,0,0,0,0,2.35,1.11
Yuki Matsui,SD,28,16,0,0,0,15.1,9,4,11,8,0,2,0,0,0,4,2.35,1.11
Mark Leiter,CHC,33,16,0,0,0,15.1,12,1,17,7,0,1,1,0,0,7,0.59,1.24
Yariel Rodriguez,TOR,27,4,4,0,0,15.1,19,7,16,8,2,0,1,0,0,0,4.11,1.76
Bryce Elder,ATL,24,3,3,0,0,15.1,19,9,10,8,3,1,1,0,0,0,5.28,1.76
John Schreiber,KC,30,16,0,0,0,15.1,10,1,11,5,0,3,0,0,0,8,0.59,0.98
Tyler Wells,BAL,29,3,3,0,0,15.1,18,10,13,3,3,0,2,0,0,0,5.87,1.37
Jhony Brito,SD,26,11,0,0,0,15.1,17,7,7,3,1,0,2,0,3,0,4.11,1.30
Jake Bird,COL,28,14,0,0,0,15.1,16,10,9,9,1,0,1,1,1,3,5.87,1.63
Cole Sands,MIN,26,12,0,0,0,15.1,11,5,22,2,2,1,0,2,1,2,2.93,0.85
Tyler Holton,DET,27,12,0,0,0,15.0,10,8,12,3,3,2,0,0,0,2,4.80,0.87
Keegan Akin,BAL,29,15,0,0,0,15.0,11,6,19,4,1,1,0,0,0,4,3.60,1.00
Greg Weissert,BOS,29,15,0,0,0,15.0,11,2,16,3,2,1,1,0,1,1,1.20,0.93
Jeff Hoffman,PHI,31,15,0,0,0,15.0,9,2,21,5,0,2,0,2,2,4,1.20,0.93
A.J. Minter,ATL,30,17,0,0,0,15.0,9,4,17,4,3,5,2,0,2,4,2.40,0.87
Daniel Hudson,LAD,37,15,0,0,0,15.0,13,6,16,1,4,1,1,1,2,7,3.60,0.93
Dominic Leone,CWS,32,17,0,0,0,14.2,14,11,14,11,4,0,1,0,2,3,6.75,1.70
Dennis Santana,NYY,28,12,0,0,0,14.2,10,6,9,6,0,2,0,1,0,1,3.68,1.09
Jacob Webb,BAL,30,16,0,0,0,14.2,9,3,18,3,1,0,1,1,1,2,1.84,0.82
Bowden Francis,TOR,28,5,2,0,0,14.2,18,14,17,7,4,2,2,0,0,0,8.59,1.70
Simeon Woods Richardson,MIN,23,3,3,0,0,14.2,16,4,13,4,0,1,0,0,0,0,2.45,1.36
Abner Uribe,MIL,23,14,0,0,0,14.1,15,11,14,12,1,2,2,3,2,0,6.91,1.88
Mason Miller,OAK,25,12,0,0,0,14.1,7,2,29,4,0,0,0,8,0,0,1.26,0.77
Will Vest,DET,28,14,0,0,0,14.1,14,7,7,3,1,1,1,0,2,1,4.40,1.19
Tim Herrin,CLE,27,15,0,0,0,14.1,6,1,15,7,0,1,0,0,0,3,0.63,0.91
Tanner Banks,CWS,32,13,1,0,0,14.1,23,9,18,4,1,0,2,1,1,1,5.65,1.88
Adam Cimber,LAA,33,14,0,0,0,14.1,9,5,10,6,0,2,0,0,0,2,3.14,1.05
Tayler Scott,HOU,31,14,0,0,0,14.1,8,3,18,10,1,1,1,0,1,0,1.88,1.26
Wandy Peralta,SD,32,16,0,0,0,14.1,11,7,6,3,2,1,1,0,0,4,4.40,0.98
Andrew Kittredge,STL,34,14,0,0,0,14.0,10,1,15,3,0,0,0,0,1,10,0.64,0.93
Tyler Beede,CLE,30,13,0,0,0,14.0,16,13,18,9,2,1,0,0,0,2,8.36,1.79
Chris Stratton,KC,33,13,0,0,0,14.0,11,9,12,10,1,2,2,1,1,2,5.79,1.50
Chris Devenski,TB,33,9,0,0,0,14.0,19,12,11,6,5,1,1,0,2,0,7.71,1.79
Jose Cisnero,LAA,35,14,0,0,0,14.0,17,11,16,7,4,0,0,0,1,1,7.07,1.71
Griffin Jax,MIN,29,16,0,0,0,14.0,8,3,20,4,1,2,2,4,1,5,1.93,0.86
Carson Fulmer,LAA,30,6,0,0,0,14.0,11,5,13,10,1,0,1,0,0,0,3.21,1.50
Steven Wilson,CWS,29,15,0,0,0,14.0,8,5,12,9,3,1,2,0,1,4,3.21,1.21
Lucas Erceg,OAK,29,14,0,0,0,14.0,9,3,20,6,0,1,1,2,1,7,1.93,1.07
Joe Jimenez,ATL,29,14,0,0,0,14.0,10,3,14,2,0,0,0,0,0,8,1.93,0.86
Sixto Sanchez,MIA,25,9,2,0,0,14.0,20,13,9,4,2,0,1,0,1,1,8.36,1.71
Deivi Garcia,CWS,24,14,0,0,0,14.0,16,11,15,11,2,1,2,1,1,0,7.07,1.93
Enyel De Los Santos,SD,28,16,0,0,0,13.2,10,3,17,3,2,1,1,0,0,3,1.98,0.95
Dany Jimenez,OAK,30,14,0,0,0,13.2,8,6,10,11,3,1,1,0,2,2,3.95,1.39
Jason Foley,DET,28,15,0,0,0,13.2,14,4,13,7,0,2,1,9,1,1,2.63,1.54
James McArthur,KC,27,12,0,0,0,13.2,14,4,15,2,0,1,0,7,1,1,2.63,1.17
Jonathan Cannon,CWS,23,3,3,0,0,13.2,20,11,13,4,2,0,1,0,0,0,7.24,1.76
Landen Roupp,SF,25,10,0,0,0,13.2,14,8,12,8,1,0,0,0,0,0,5.27,1.61
A.J. Puk,MIA,29,4,4,0,0,13.2,19,14,12,17,1,0,4,0,0,0,9.22,2.63
Tyler Rogers,SF,33,15,0,0,0,13.2,15,4,9,0,2,0,0,0,0,6,2.63,1.10
Robert Suarez,SD,33,13,0,0,0,13.2,7,1,11,4,1,1,0,10,0,0,0.66,0.80
Evan Phillips,LAD,29,14,0,0,0,13.2,10,1,17,4,0,0,0,8,0,0,0.66,1.02
Josh Hader,HOU,30,14,0,0,0,13.2,13,9,23,7,1,1,2,3,1,0,5.93,1.46
Jose Alvarado,PHI,28,15,0,0,0,13.2,10,6,14,7,0,1,1,6,0,2,3.95,1.24
Ryan Pressly,HOU,35,15,0,0,0,13.2,18,8,21,5,1,0,1,0,2,4,5.27,1.68
Austin Voth,SEA,31,11,0,0,0,13.2,10,4,13,3,2,1,0,0,0,0,2.63,0.95
Brock Stewart,MIN,32,13,0,0,0,13.1,8,1,17,6,1,0,0,0,0,7,0.68,1.05
Hoby Milner,MIL,33,15,0,0,0,13.1,11,4,13,4,3,0,0,1,0,2,2.70,1.13
Yimi Garcia,TOR,33,13,0,0,0,13.1,4,1,16,3,1,1,0,2,0,4,0.68,0.53
Matt Barnes,WSH,33,14,0,0,0,13.1,16,10,10,4,1,0,0,0,0,0,6.75,1.50
Kyle Finnegan,WSH,32,14,0,0,0,13.1,6,3,14,6,2,1,2,10,1,0,2.03,0.90
Trent Thornton,SEA,30,14,0,0,0,13.1,9,4,11,3,0,0,1,0,0,3,2.70,0.90
Raisel Iglesias,ATL,34,14,0,0,0,13.1,11,3,9,3,0,0,0,8,2,0,2.03,1.05
Brennan Bernardino,BOS,32,11,2,0,0,13.1,5,1,12,6,0,0,1,0,0,1,0.68,0.83
Yunior Marte,PHI,29,12,0,0,0,13.1,12,4,12,5,2,0,0,0,1,2,2.70,1.28
Nick Mears,COL,27,14,0,0,0,13.1,15,9,14,10,1,0,3,0,0,3,6.08,1.88
Kody Funderburk,MIN,27,11,0,0,0,13.1,12,5,15,5,2,1,0,0,0,2,3.38,1.28
Ryan Fernandez,STL,25,10,0,0,0,13.1,10,4,17,5,1,0,1,0,0,0,2.70,1.13
Angel Zerpa,KC,24,14,0,0,0,13.1,12,3,13,3,2,0,0,0,0,3,2.03,1.13
Roansy Contreras,PIT,24,10,0,0,0,13.0,14,6,13,8,2,1,0,0,1,0,4.15,1.69
Anthony Bender,MIA,29,14,0,0,0,13.0,20,11,17,4,1,0,2,0,1,4,7.62,1.85
Tobias Myers,MIL,25,3,3,0,0,13.0,12,9,11,5,5,0,2,0,0,0,6.23,1.31
Andrew Nardi,MIA,25,16,0,0,0,13.0,18,11,19,6,1,0,0,0,3,4,7.62,1.85
Jordan Leasure,CWS,25,14,0,0,0,13.0,11,4,8,6,0,0,0,1,1,4,2.77,1.31
Tanner Scott,MIA,29,14,0,0,0,13.0,8,4,12,14,1,1,4,4,1,1,2.77,1.69
Caleb Ferguson,NYY,27,15,0,0,0,13.0,11,6,16,7,2,0,3,1,1,6,4.15,1.38
Kevin Ginkel,ARI,30,13,0,0,0,13.0,10,4,13,3,1,1,0,5,2,0,2.77,1.00
Adbert Alzolay,CHC,29,14,0,0,0,13.0,16,8,11,4,5,1,4,3,5,1,5.54,1.54
Emilio Pagan,CIN,32,14,0,0,0,13.0,17,8,15,5,3,2,2,0,0,1,5.54,1.69
Matt Strahm,PHI,32,13,0,0,0,13.0,9,2,20,1,0,2,0,0,1,3,1.38,0.77
Joe Kelly,LAD,35,14,0,0,0,13.0,13,7,13,5,0,0,0,0,1,8,4.85,1.38
Hunter Strickland,LAA,35,12,0,0,0,13.0,9,4,11,2,1,1,0,0,1,1,2.77,0.85
Luis Garcia,LAA,37,14,0,0,0,13.0,11,8,15,3,1,1,0,1,0,3,5.54,1.08
Danny Coulombe,BAL,34,16,0,0,0,13.0,6,4,16,2,2,0,0,1,1,7,2.77,0.62
Hector Neris,CHC,34,14,0,0,0,13.0,10,5,12,12,1,1,0,6,1,3,3.46,1.69
Jose Leclerc,TEX,30,12,0,0,0,13.0,10,8,13,11,1,2,2,1,1,1,5.54,1.62
Drew Smyly,CHC,34,9,0,0,0,12.2,12,7,11,5,2,2,2,0,0,0,4.97,1.34
Jordan Weems,WSH,31,15,0,0,0,12.2,11,6,13,8,1,1,0,0,2,4,4.26,1.50
Craig Kimbrel,BAL,35,15,0,0,0,12.2,10,5,21,7,1,3,1,8,3,1,3.55,1.34
Joe Mantiply,ARI,33,15,0,0,0,12.2,13,6,10,4,0,2,1,0,0,1,4.26,1.34
Yency Almonte,CHC,29,15,0,0,0,12.2,8,6,17,8,1,1,0,1,1,6,4.26,1.26
Edwin Diaz,NYM,30,12,0,0,0,12.2,6,3,19,4,2,0,1,4,0,1,2.13,0.79
Ryan Thompson,ARI,31,12,0,0,0,12.2,8,2,9,2,0,0,1,0,0,5,1.42,0.79
Mike Baumann,BAL,28,13,0,0,0,12.2,14,6,14,6,2,1,0,0,1,2,4.26,1.58
Dillon Tate,BAL,30,11,0,0,0,12.2,7,4,6,6,1,1,0,0,0,0,2.84,1.03
Phil Maton,TB,31,16,0,0,0,12.2,10,9,10,9,2,0,2,1,2,8,6.39,1.50
Matt Sauer,KC,25,10,0,0,0,12.1,15,8,5,10,1,0,0,0,0,0,5.84,2.03
Garrett Cleavinger,TB,30,13,0,0,0,12.1,8,3,19,11,0,3,0,2,0,2,2.19,1.54
Seranthony Dominguez,PHI,29,14,0,0,0,12.1,16,11,14,3,3,1,2,0,1,4,8.03,1.54
Adam Ottavino,NYM,38,12,0,0,0,12.1,6,4,21,4,1,1,1,0,1,4,2.92,0.81
Chris Martin,BOS,37,12,0,0,0,12.1,15,7,13,2,2,1,1,0,3,4,5.11,1.38
Andrew Chafin,DET,33,12,0,0,0,12.0,5,2,13,5,1,2,0,0,1,5,1.50,0.83
Nick Anderson,KC,33,13,0,0,0,12.0,13,4,6,6,1,1,1,0,0,1,3.00,1.58
Fernando Cruz,CIN,34,14,0,0,0,12.0,6,6,23,6,1,1,2,0,0,7,4.50,1.00
T.J. McFarland,OAK,34,17,0,0,0,12.0,14,5,9,2,0,1,0,0,0,5,3.75,1.33
Kirby Yates,TEX,37,11,0,0,0,12.0,3,0,14,3,0,2,0,5,0,2,0.00,0.50
Pierce Johnson,ATL,32,13,0,0,0,12.0,10,4,16,5,1,2,1,1,0,3,3.00,1.25
Genesis Cabrera,TOR,27,13,0,0,0,12.0,15,8,8,8,3,1,0,0,0,2,6.00,1.92
Ryder Ryan,PIT,28,9,0,0,0,12.0,8,4,13,5,0,1,0,0,0,3,3.00,1.08
Alex Lange,DET,28,13,0,0,0,12.0,5,1,16,9,0,0,1,2,0,1,0.75,1.17
Andres Munoz,SEA,25,12,0,0,0,12.0,8,3,16,7,1,1,2,5,1,3,2.25,1.25
Tayler Saucedo,SEA,30,12,0,0,0,12.0,7,3,13,4,0,1,0,1,0,1,2.25,0.92
Logan Allen,ARI,26,4,0,0,0,12.0,7,3,6,3,1,0,1,1,0,0,2.25,0.83
Justin Lawrence,COL,29,12,0,0,0,12.0,13,8,13,5,0,1,2,2,1,1,6.00,1.50
Alexis Diaz,CIN,27,12,0,0,0,12.0,9,5,13,6,0,1,1,6,1,0,3.75,1.25
Tanner Rainey,WSH,31,12,0,0,0,12.0,21,12,8,11,3,0,0,0,0,0,9.00,2.67
Shane Bieber,CLE,28,2,2,0,0,12.0,10,0,20,1,0,2,0,0,0,0,0.00,0.92
Tom Cosgrove,SD,27,15,0,0,0,12.0,17,14,13,5,3,0,1,0,0,2,10.50,1.83
David Bednar,PIT,29,14,0,0,0,12.0,14,14,17,4,3,2,2,5,3,0,10.50,1.50
Camilo Doval,SF,26,12,0,0,0,11.2,9,4,15,6,1,2,0,6,0,0,3.09,1.29
Bobby Miller,LAD,25,3,3,0,0,11.2,11,7,18,6,2,1,1,0,0,0,5.40,1.46
Victor Gonzalez,NYY,28,13,0,0,0,11.2,6,3,4,8,1,1,1,2,0,1,2.31,1.20
Tim Mayza,TOR,32,17,0,0,0,11.2,12,8,10,7,2,0,1,0,1,5,6.17,1.63
Ryan Brasier,LAD,36,12,1,0,0,11.2,10,6,12,3,3,0,0,0,2,4,4.63,1.11
Jesse Chavez,ATL,40,8,0,0,0,11.2,9,2,8,5,2,1,1,0,0,0,1.54,1.20
Joel Payamps,MIL,30,13,0,0,0,11.2,7,4,9,2,0,1,1,4,2,4,3.09,0.77
Blake Snell,SF,31,3,3,0,0,11.2,18,15,12,5,2,0,3,0,0,0,11.57,1.97
Aaron Bummer,ATL,30,12,0,0,0,11.1,16,6,11,3,1,1,1,0,1,0,4.76,1.68
Matt Moore,LAA,34,12,0,0,0,11.1,9,5,10,3,2,0,0,0,0,6,3.97,1.06
Taylor Rogers,SF,33,13,0,0,0,11.1,10,5,12,3,3,0,1,0,0,2,3.97,1.15
Joey Wentz,DET,26,7,0,0,0,11.1,9,1,14,5,0,0,0,0,0,1,0.79,1.24
Adrian Morejon,SD,25,8,0,0,0,11.1,15,3,19,1,0,0,0,0,0,0,2.38,1.41
Nate Pearson,TOR,27,13,0,0,0,11.1,12,6,13,7,1,0,0,1,0,0,4.76,1.68
Kai-Wei Teng,SF,25,4,0,0,0,11.0,15,12,7,8,2,0,0,0,0,0,9.82,2.09
Anthony Molina,COL,22,6,0,0,0,11.0,18,12,4,5,2,0,0,0,0,0,9.82,2.09
Roddery Munoz,MIA,24,2,2,0,0,11.0,5,3,14,3,2,1,0,0,0,0,2.45,0.73
Joely Rodriguez,BOS,32,11,0,0,0,11.0,15,8,11,2,3,0,1,0,1,4,6.55,1.55
Nick Pivetta,BOS,31,2,2,0,0,11.0,8,1,13,1,1,1,1,0,0,0,0.82,0.82
Gabe Speier,SEA,29,13,0,0,0,11.0,6,3,15,5,1,0,1,0,1,4,2.45,1.00
Ricardo Pinto,PHI,30,6,0,0,0,10.2,19,13,8,5,2,0,0,1,0,0,10.97,2.25
Tim Hill,CWS,34,13,0,0,0,10.2,14,4,5,4,0,0,0,0,1,0,3.38,1.69
Jake Diekman,NYM,37,12,0,0,0,10.2,3,4,16,7,0,1,0,0,0,2,3.38,0.94
Steven Okert,MIN,32,12,0,0,0,10.2,11,4,15,5,1,0,0,1,2,2,3.38,1.50
Kevin Kelly,TB,26,9,0,0,0,10.2,6,4,10,1,2,1,0,0,0,2,3.38,0.66
Calvin Faucher,MIA,28,8,0,0,0,10.2,8,2,12,4,0,1,1,0,0,2,1.69,1.13
Keegan Thompson,CHC,29,7,0,0,0,10.2,8,4,14,4,1,1,0,0,0,0,3.38,1.13
Kyle Nelson,ARI,27,11,0,0,0,10.2,8,5,8,4,2,0,0,0,1,2,4.22,1.13
Cody Bolton,SEA,25,8,0,0,0,10.1,5,2,7,5,1,0,0,0,0,0,1.74,0.97
Ryne Stanek,SEA,32,12,0,0,0,10.1,12,5,11,6,1,0,0,2,0,6,4.35,1.74
Will Smith,KC,34,12,0,0,0,10.1,15,11,7,5,2,0,2,1,1,2,9.58,1.94
Lucas Sims,CIN,29,12,0,0,0,10.1,8,7,12,9,3,1,1,0,1,5,6.10,1.65
Austin Adams,OAK,32,15,0,0,0,10.1,9,2,14,5,0,0,0,0,1,8,1.74,1.35
Tyler Kinley,COL,33,12,0,0,0,10.1,20,15,10,10,4,1,0,0,0,1,13.06,2.90
Jacob Waguespack,TB,30,4,1,0,0,10.0,13,6,11,10,1,0,0,0,0,0,5.40,2.30
Ty Blach,COL,33,3,1,0,0,10.0,8,4,3,2,0,0,1,0,0,0,3.60,1.00
Aroldis Chapman,PIT,36,14,0,0,0,10.0,5,6,18,12,1,0,2,1,2,6,5.40,1.70
Tyler Matzek,ATL,33,11,0,0,0,10.0,16,11,10,3,3,0,0,0,0,2,9.90,1.90
Andre Pallante,STL,25,9,0,0,0,10.0,14,7,6,5,1,0,1,0,0,1,6.30,1.90
Mitch White,TOR,29,4,0,0,0,10.0,10,6,6,4,1,1,0,0,0,0,5.40,1.40
Drew Smith,NYM,30,10,0,0,0,10.0,10,3,11,7,0,1,0,1,0,3,2.70,1.70
Darius Vines,ATL,26,2,2,0,0,9.2,11,5,6,3,2,0,1,0,0,0,4.66,1.45
Ron Marinaccio,NYY,28,7,0,0,0,9.2,3,2,8,3,1,1,0,0,1,1,1.86,0.62
Jared Shuster,CWS,25,3,0,0,0,9.2,6,1,6,3,0,0,0,0,0,0,0.93,0.93
Kenley Jansen,BOS,36,10,0,0,0,9.2,4,2,14,8,0,1,0,5,1,0,1.86,1.24
Gregory Soto,PHI,29,12,0,0,0,9.2,13,7,11,6,0,0,0,2,0,3,6.52,1.97
Jared Koenig,MIL,30,6,0,0,0,9.2,9,1,5,2,0,2,0,0,0,0,0.93,1.14
Cam Booser,BOS,32,7,0,0,0,9.1,8,4,11,3,2,0,1,0,0,0,3.86,1.18
Colin Poche,TB,30,10,0,0,0,9.1,12,7,6,3,3,0,1,2,2,4,6.75,1.61
Giovanny Gallegos,STL,32,12,0,0,0,9.0,11,9,13,7,4,2,0,1,0,2,9.00,2.00
Luke Little,CHC,23,10,1,0,0,9.0,8,7,8,7,1,0,0,0,0,2,7.00,1.67
Daniel Palencia,CHC,24,5,0,0,0,9.0,7,5,9,7,0,0,1,1,0,0,5.00,1.56
Spencer Strider,ATL,25,2,2,0,0,9.0,10,7,12,5,2,0,0,0,0,0,7.00,1.67
Jorge Alcala,MIN,28,7,0,0,0,9.0,5,0,9,4,0,1,0,0,0,2,0.00,1.00
Colin Holderman,PIT,28,10,0,0,0,8.2,5,1,10,3,1,0,0,0,0,3,1.04,0.92
Miguel Castro,ARI,29,8,0,0,0,8.2,12,5,6,1,1,0,0,0,0,1,5.19,1.50
Tyson Miller,SEA,28,7,0,0,0,8.2,5,2,11,1,1,0,0,0,0,0,2.08,0.69
Colten Brewer,CHC,31,5,0,0,0,8.2,7,4,8,3,1,0,0,0,0,0,4.15,1.15
Carlos Estevez,LAA,31,9,0,0,0,8.2,9,6,10,0,2,0,1,5,2,0,6.23,1.04
Eli Morgan,CLE,27,9,0,0,0,8.1,6,2,7,4,0,1,0,0,0,1,2.16,1.20
Robert Garcia,WSH,27,11,0,0,0,8.1,12,6,13,4,1,0,1,0,1,3,6.48,1.92
Josiah Gray,WSH,26,2,2,0,0,8.1,15,13,9,5,2,0,2,0,0,0,14.04,2.40
Justin Martinez,ARI,22,6,0,0,0,8.0,5,1,9,6,0,0,0,0,0,0,1.13,1.38
Chase Silseth,LAA,23,2,2,0,0,8.0,8,6,12,4,3,0,1,0,0,0,6.75,1.50
Nick Nastrini,CWS,24,2,2,0,0,8.0,9,7,8,7,1,0,2,0,0,0,7.88,2.00
Sean Hjelle,SF,26,4,0,0,0,8.0,5,3,7,1,2,0,1,0,0,0,3.38,0.75
John Brebbia,CWS,33,10,0,0,0,8.0,9,4,9,2,1,0,1,0,0,2,4.50,1.38
Pedro Avila,SD,27,4,0,0,0,8.0,5,8,9,6,1,1,0,0,0,0,9.00,1.38
Trevor Megill,MIL,30,7,0,0,0,7.2,4,1,7,3,0,0,0,2,0,3,1.17,0.91
Matt Bowman,MIN,32,5,0,0,0,7.2,2,2,6,4,1,0,0,0,0,3,2.35,0.78
Chad Green,TOR,32,7,0,0,0,7.2,6,2,7,2,2,1,0,2,0,2,2.35,1.04
Erasmo Ramirez,TB,34,4,0,0,0,7.2,8,6,7,3,2,0,0,0,0,0,7.04,1.43
Nick Avila,SF,26,6,0,0,0,7.2,11,6,7,2,1,0,0,0,0,0,7.04,1.70
Orion Kerkering,PHI,23,7,0,0,0,7.2,5,1,6,3,0,0,0,0,1,2,1.17,1.04
Shawn Dubin,HOU,28,5,0,0,0,7.2,9,6,9,4,0,0,1,0,0,0,7.04,1.70
Randy Vasquez,SD,25,2,2,0,0,7.2,11,5,5,3,2,0,1,0,0,0,5.87,1.83
Cole Winn,TEX,24,6,0,0,0,7.1,4,4,7,1,0,0,1,0,0,0,4.91,0.68
Yerry Rodriguez,TEX,26,7,0,0,0,7.0,10,7,5,6,3,0,0,0,0,0,9.00,2.29
George Soriano,MIA,25,8,0,0,0,7.0,7,8,8,6,2,0,1,0,1,2,10.29,1.86
Brooks Raley,NYM,35,8,0,0,0,7.0,2,0,9,3,0,1,0,0,0,4,0.00,0.71
Justin Wilson,CIN,36,11,0,0,0,7.0,6,3,9,2,1,1,0,0,0,2,3.86,1.14
Wade Miley,MIL,37,2,2,0,0,7.0,6,5,2,4,1,0,1,0,0,0,6.43,1.43
Michael Tonkin,NYM,34,5,0,0,0,7.0,8,4,6,2,1,1,2,0,0,0,5.14,1.43
Nick Ramirez,LAD,34,5,0,0,0,7.0,4,1,2,3,0,0,0,0,0,0,1.29,1.00
John Means,BAL,31,1,1,0,0,7.0,3,0,8,0,0,1,0,0,0,0,0.00,0.43
Pete Fairbanks,TB,30,8,0,0,0,7.0,8,7,10,8,0,0,2,3,1,0,9.00,2.29
Jordan Romano,TOR,31,7,0,0,0,6.2,6,3,6,2,1,0,0,4,0,0,4.05,1.20
Pedro Avila,CLE,27,3,0,0,0,6.2,6,3,7,0,1,0,0,0,0,0,4.05,0.90
Jeremiah Estrada,SD,25,4,0,0,0,6.2,2,0,6,3,0,0,0,0,0,0,0.00,0.75
Kyle Hurt,LAD,25,3,1,0,0,6.2,8,1,3,1,0,0,1,0,0,0,1.35,1.35
Christian Scott,NYM,24,1,1,0,0,6.2,5,1,6,1,0,0,0,0,0,0,1.35,0.90
Dedniel Nunez,NYM,27,4,0,0,0,6.1,6,3,10,2,1,0,0,0,0,0,4.26,1.26
Isaiah Campbell,BOS,26,7,0,0,0,6.1,11,9,5,2,2,0,1,0,1,2,12.79,2.05
Luis Frias,ARI,25,7,0,0,0,6.1,11,7,7,4,1,0,1,0,1,0,9.95,2.37
Brad Keller,CWS,28,2,1,0,0,6.1,5,3,6,4,0,0,1,0,0,0,4.26,1.42
Nick Burdi,NYY,31,7,0,0,0,6.1,2,0,8,5,0,1,0,0,0,2,0.00,1.11
Caleb Thielbar,MIN,37,9,0,0,0,6.1,10,5,7,3,1,1,1,2,0,2,7.11,2.05
Taijuan Walker,PHI,31,1,1,0,0,6.1,8,6,4,2,2,1,0,0,0,0,8.53,1.58
Kent Emanuel,MIA,31,2,0,0,0,6.0,9,7,4,3,3,0,0,0,0,0,10.50,2.00
Jacob Barnes,WSH,34,6,0,0,0,6.0,6,1,2,0,0,2,0,0,0,0,1.50,1.00
Cody Poteet,NYY,29,1,1,0,0,6.0,6,1,4,0,1,1,0,0,0,0,1.50,1.00
Jose Cuas,CHC,29,5,0,0,0,6.0,10,8,6,2,1,0,0,0,0,0,12.00,2.00
J.B. Bukauskas,MIL,27,6,0,0,0,6.0,3,1,6,1,1,0,0,0,0,1,1.50,0.67
Yohan Ramirez,BAL,28,5,0,0,0,6.0,3,4,6,2,0,0,0,0,0,0,6.00,0.83
Anthony Maldonado,MIA,26,4,1,0,0,6.0,6,0,4,1,0,0,0,1,0,0,0.00,1.17
Zack Kelly,BOS,29,4,0,0,0,5.2,5,2,6,0,0,0,1,0,0,0,3.18,0.88
Yohan Ramirez,NYM,28,3,0,0,0,5.1,9,7,6,4,1,0,1,0,1,0,11.81,2.44
Mitch White,SF,29,3,0,0,0,5.1,8,7,1,5,1,0,0,0,0,0,11.81,2.44
Josh Sborz,TEX,30,6,0,0,0,5.1,6,1,5,1,0,1,0,0,0,3,1.69,1.31
Sean Reid-Foley,NYM,28,6,0,0,0,5.1,0,0,10,4,0,1,0,0,0,0,0.00,0.75
Erik Swanson,TOR,30,7,0,0,0,5.0,12,10,3,2,3,0,2,0,1,4,18.00,2.80
Wes Parsons,TOR,31,2,0,0,0,5.0,6,6,2,2,2,0,0,0,0,0,10.80,1.60
Matt Andriese,MIA,34,3,0,0,0,5.0,5,3,6,0,2,0,0,0,0,0,5.40,1.00
Tyler Duffey,KC,33,3,0,0,0,5.0,3,1,7,2,0,0,0,0,0,0,1.80,1.00
Luke Jackson,SF,32,6,0,0,0,5.0,8,3,3,2,0,0,1,0,2,0,5.40,2.00
Jordan Lyles,KC,33,5,0,0,0,5.0,2,0,3,2,0,0,0,0,0,0,0.00,0.80
Guillermo Zuniga,LAA,25,4,0,0,0,5.0,4,4,2,4,1,0,0,1,0,0,7.20,1.60
Allan Winans,ATL,28,1,1,0,0,5.0,8,6,1,2,1,0,1,0,0,0,10.80,2.00
Xzavion Curry,CLE,25,1,1,0,0,5.0,2,0,3,1,0,0,0,0,0,0,0.00,0.60
Jose Hernandez,PIT,26,6,0,0,0,4.2,4,1,4,3,0,1,1,1,0,1,1.93,1.50
Darren McCaughan,MIA,28,1,0,0,0,4.2,9,8,2,3,3,0,0,0,0,0,15.43,2.57
Kyle Bradish,BAL,27,1,1,0,0,4.2,4,1,5,2,0,0,0,0,0,0,1.93,1.29
Michael Tonkin,NYY,34,3,0,0,0,4.2,4,0,3,0,0,0,1,0,1,0,0.00,0.86
Paolo Espino,TOR,37,2,0,0,0,4.2,8,4,2,2,2,0,0,0,0,0,7.71,2.14
Justin Steele,CHC,28,1,1,0,0,4.2,3,1,6,1,0,0,0,0,0,0,1.93,0.86
Daulton Jefferies,SF,28,2,1,0,0,4.2,14,9,4,2,2,0,2,0,0,0,17.36,3.43
Julian Merryweather,CHC,32,4,0,0,0,4.2,4,1,6,2,0,0,0,0,0,1,1.93,1.29
Dinelson Lamet,LAD,31,3,0,0,0,4.1,2,1,3,2,1,0,0,1,0,0,2.08,0.92
Austin Pruitt,TEX,34,4,0,0,0,4.1,8,6,1,3,3,0,0,0,0,1,12.46,2.54
Jonathan Hernandez,TEX,27,3,0,0,0,4.1,3,1,1,1,0,1,0,0,0,0,2.08,0.92
Jonathan Heasley,BAL,27,3,0,0,0,4.1,8,6,4,1,2,0,1,0,0,0,12.46,2.08
Tylor Megill,NYM,28,1,1,0,0,4.0,3,1,4,3,0,0,1,0,0,0,2.25,1.50
Jacob Lopez,TB,26,2,0,0,0,4.0,3,5,1,3,1,0,0,0,0,0,11.25,1.50
Peter Strzelecki,CLE,29,3,0,0,0,4.0,4,0,2,0,0,0,0,0,0,0,0.00,1.00
Nick Robertson,STL,25,2,0,0,0,4.0,4,0,4,1,0,0,0,0,0,0,0.00,1.25
Carson Spiers,CIN,26,1,0,0,0,4.0,7,3,1,3,0,0,0,0,0,0,6.75,2.50
Joan Adon,WSH,25,1,1,0,0,4.0,3,1,2,3,0,0,0,0,0,0,2.25,1.50
Vladimir Gutierrez,MIA,28,1,0,0,0,4.0,3,3,4,2,1,0,0,0,1,0,6.75,1.25
Daniel Duarte,MIN,27,2,0,0,0,4.0,2,1,3,1,1,1,0,0,0,0,2.25,0.75
Jonathan Loaisiga,NYY,29,3,0,0,0,4.0,7,0,3,1,0,1,0,0,1,0,0.00,2.00
Wes Parsons,CLE,31,2,0,0,0,4.0,4,0,5,0,0,0,0,0,0,0,0.00,1.00
Sam Moll,CIN,32,4,0,0,0,4.0,2,0,4,1,0,0,0,0,0,0,0.00,0.75
Nabil Crismatt,LAD,29,3,0,0,0,4.0,3,1,3,0,1,1,1,0,0,0,2.25,0.75
Naoyuki Uwasawa,BOS,30,2,0,0,0,4.0,2,1,3,2,0,0,0,0,0,0,2.25,1.00
Tyler Jay,NYM,30,2,0,0,0,4.0,5,1,1,1,0,0,0,0,0,0,2.25,1.50
Parker Mushinski,HOU,28,3,0,0,0,4.0,6,5,2,3,0,0,0,0,0,1,11.25,2.25
J.P. Feyereisen,LAD,31,4,0,0,0,4.0,6,6,4,4,1,0,1,0,0,0,13.50,2.50
Bryan Shaw,CWS,36,5,0,0,0,4.0,8,4,4,4,1,0,1,0,1,0,9.00,3.00
Jakob Junis,MIL,31,1,1,0,0,4.0,3,1,4,1,0,0,0,0,0,0,2.25,1.00
Cole Sulser,NYM,34,3,0,0,0,3.2,5,4,4,3,0,0,0,0,0,0,9.82,2.18
Blake Walston,ARI,22,1,0,0,0,3.2,3,2,5,4,0,0,0,0,0,0,4.91,1.91
Jack Leiter,TEX,24,1,1,0,0,3.2,8,7,3,3,0,0,0,0,0,0,17.18,3.00
Aaron Ashby,MIL,25,1,1,0,0,3.2,6,4,2,2,1,0,1,0,0,0,9.82,2.18
Brett de Geus,SEA,26,4,0,0,0,3.1,4,1,2,0,0,0,0,0,0,0,2.70,1.20
Brendon Little,TOR,27,3,0,0,0,3.1,5,4,4,1,0,0,0,0,0,0,10.80,1.80
Richard Lovelady,CHC,28,3,0,0,0,3.1,2,0,4,1,0,0,0,0,1,1,0.00,0.90
Emmanuel Ramirez,MIA,29,3,0,0,0,3.1,1,0,3,0,0,0,0,0,0,0,0.00,0.30
Ryan Borucki,PIT,30,4,0,0,0,3.1,4,2,6,0,0,0,0,0,0,2,5.40,1.20
Nick Nelson,PHI,28,3,0,0,0,3.1,6,2,5,0,0,0,0,0,0,0,5.40,1.80
Brock Burke,TEX,27,5,0,0,0,3.0,9,5,5,1,1,0,0,0,0,0,15.00,3.33
Cionel Perez,BAL,28,4,0,0,0,3.0,4,2,2,0,0,0,0,0,0,2,6.00,1.33
Janson Junk,MIL,28,2,0,0,0,3.0,10,4,1,0,1,0,0,0,0,0,12.00,3.33
Noah Davis,COL,27,1,0,0,0,3.0,5,3,2,0,1,0,0,0,0,0,9.00,1.67
Collin Snider,SEA,28,3,0,0,0,3.0,3,2,2,1,0,0,0,0,0,0,6.00,1.33
Danny Young,NYM,29,2,0,0,0,3.0,2,0,3,3,0,1,0,0,0,0,0.00,1.67
Jhoan Duran,MIN,26,3,0,0,0,3.0,2,0,5,0,0,0,0,2,0,1,0.00,0.67
Jake Cousins,NYY,29,2,0,0,0,3.0,4,1,4,3,1,1,0,0,0,0,3.00,2.33
Josh Walker,NYM,29,3,0,0,0,3.0,1,0,3,1,0,0,0,0,0,0,0.00,0.67
Colin Selby,KC,26,2,0,0,0,3.0,2,2,0,2,0,0,0,0,0,0,6.00,1.33
Grant Anderson,TEX,26,4,0,0,0,3.0,6,4,5,0,1,0,0,0,0,0,12.00,2.00
Gus Varland,LAD,27,4,0,0,0,3.0,3,1,1,3,0,0,0,0,0,0,3.00,2.00
Kyle Nicolas,PIT,25,3,0,0,0,3.0,2,0,5,2,0,0,0,0,0,0,0.00,1.33
Grant Hartwig,NYM,26,2,0,0,0,3.0,1,2,1,2,1,0,0,0,0,0,6.00,1.00
Brandon Hughes,ARI,28,3,1,0,0,2.2,6,4,4,1,1,0,0,0,0,0,13.50,2.63
Jonathan Bowlan,KC,27,1,1,0,0,2.2,6,4,3,3,3,0,1,0,0,0,13.50,3.38
Amir Garrett,LAA,32,3,0,0,0,2.2,2,0,5,2,0,0,0,0,0,0,0.00,1.50
Julio Teheran,NYM,33,1,1,0,0,2.2,6,4,3,2,1,0,0,0,0,0,13.50,3.00
Manuel Rodriguez,TB,27,2,0,0,0,2.1,5,2,1,0,0,0,0,0,0,0,7.71,2.14
Justin Anderson,CWS,31,2,0,0,0,2.1,2,2,1,3,0,0,0,0,0,0,7.71,2.14
John King,STL,29,2,0,0,0,2.1,3,1,4,0,1,0,1,0,1,0,3.86,1.29
Randy Rodriguez,SF,24,1,0,0,0,2.1,2,1,2,2,0,0,0,0,0,0,3.86,1.71
Kyle Tyler,MIA,27,1,0,0,0,2.0,1,1,1,0,0,0,0,0,0,0,4.50,0.50
Ronny Henriquez,MIN,23,1,0,0,0,2.0,2,0,2,1,0,0,0,0,0,0,0.00,1.50
Anthony Veneziano,KC,26,2,0,0,0,2.0,4,1,2,1,0,0,0,0,0,0,4.50,2.50
Ricky Vanasco,LAD,25,1,0,0,0,2.0,0,0,1,0,0,0,0,0,0,0,0.00,0.00
Zac Kristofak,LAA,26,1,0,0,0,2.0,3,0,2,2,0,0,0,0,0,0,0.00,2.50
Joel Kuhnel,HOU,29,1,0,0,0,2.0,4,4,1,0,0,0,0,0,0,0,18.00,2.00
Casey Legumina,CIN,26,1,0,0,0,2.0,2,2,1,1,1,0,0,0,0,0,9.00,1.50
Connor Brogdon,PHI,29,3,0,0,0,2.0,3,6,3,6,2,0,1,0,0,0,27.00,4.50
Tejay Antone,CIN,30,4,0,0,0,2.0,2,1,2,4,0,0,0,0,0,0,4.50,3.00
Jose Ruiz,PHI,29,1,0,0,0,2.0,2,0,1,2,0,0,0,0,0,0,0.00,2.00
Michael Tonkin,MIN,34,1,0,0,0,2.0,2,2,5,2,0,0,0,0,0,0,9.00,2.00
Matt Bowman,ARI,32,1,0,0,0,1.2,2,1,0,0,1,0,0,0,0,0,5.40,1.20
Zach Pop,TOR,27,2,0,0,0,1.2,0,0,1,0,0,0,0,0,0,0,0.00,0.00
Joe Jacques,BOS,29,1,0,0,0,1.2,3,1,2,0,0,0,0,0,0,0,5.40,1.80
Kyle Leahy,STL,26,1,0,0,0,1.1,2,2,0,0,0,0,1,0,0,0,13.50,1.50
Jackson Stephens,ATL,29,1,0,0,0,1.1,4,1,0,0,1,0,0,0,0,0,6.75,3.00
Miguel Diaz,HOU,29,1,0,0,0,1.0,0,0,0,0,0,0,0,0,0,0,0.00,0.00
Connor Brogdon,LAD,29,1,0,0,0,1.0,2,2,0,0,2,0,0,0,0,0,18.00,2.00
Josh Maciejewski,NYY,28,1,0,0,0,1.0,0,0,0,0,0,0,0,0,0,0,0.00,0.00
Andrew Saalfrank,ARI,26,2,0,0,0,1.0,2,4,0,4,0,0,0,0,0,0,36.00,6.00
Clayton Beeter,NYY,25,1,0,0,0,1.0,1,0,0,0,0,0,0,0,0,0,0.00,1.00
Will Klein,KC,24,1,0,0,0,1.0,0,0,2,0,0,0,0,0,0,0,0.00,0.00
Dylan Coleman,HOU,27,1,0,0,0,1.0,0,0,1,1,0,0,0,0,0,0,0.00,1.00
Riley O'Brien,STL,29,1,0,0,0,1.0,1,1,2,2,0,0,0,0,0,0,9.00,3.00
Forrest Whitley,HOU,26,1,0,0,0,0.2,1,0,0,1,0,0,0,0,0,0,0.00,3.00
Logan Gillaspie,SD,27,1,0,0,0,0.2,0,0,2,0,0,0,0,0,0,0,0.00,0.00
Luis Ortiz,PHI,28,1,0,0,0,0.2,3,2,0,0,0,0,0,0,0,0,27.00,4.50
Prelander Berroa,CWS,24,1,0,0,0,0.1,0,0,0,0,0,0,0,0,0,0,0.00,0.00
Blair Henley,HOU,26,1,1,0,0,0.1,4,5,0,3,0,0,0,0,0,0,135.00,21.00