Player,Team,Pos,Age,G,AB,R,H,2B,3B,HR,RBI,SB,CS,BB,SO,SH,SF,HBP,AVG,OBP,SLG,OPS
Jose Altuve,HOU,2B,34,62,254,35,73,12,0,9,21,8,3,18,50,0,0,3,.287,.342,.441,.783
Marcus Semien,TEX,2B,33,61,254,45,67,13,1,10,35,1,0,24,41,0,1,0,.264,.326,.441,.767
Fernando Tatis,SD,OF,25,65,253,40,70,10,1,10,32,6,2,26,59,0,1,4,.277,.352,.443,.795
Jarren Duran,BOS,OF,27,62,253,36,66,17,9,4,25,11,3,22,64,1,1,3,.261,.326,.447,.773
Ezequiel Tovar,COL,SS,22,60,253,32,74,19,1,8,24,4,2,10,79,3,1,2,.292,.323,.470,.793
Anthony Volpe,NYY,SS,23,62,252,45,73,10,6,6,25,11,3,23,58,2,1,3,.290,.355,.448,.803
Maikel Garcia,KC,3B,24,60,251,40,67,12,3,5,35,14,0,19,45,2,2,0,.267,.316,.398,.714
Francisco Lindor,NYM,SS,30,62,251,35,59,14,0,10,31,9,3,19,46,0,2,6,.235,.302,.410,.712
William Contreras,MIL,C,26,62,249,48,78,16,1,8,44,4,0,27,55,0,2,2,.313,.382,.482,.864
Bobby Witt,KC,SS,23,62,248,54,79,16,6,11,46,17,7,21,48,0,4,2,.319,.371,.565,.936
Julio Rodriguez,SEA,OF,23,63,248,27,67,5,0,5,24,14,4,15,72,0,0,2,.270,.317,.351,.668
Bryan Reynolds,PIT,OF,29,61,246,22,63,12,1,8,34,5,0,26,55,0,2,1,.256,.327,.411,.738
Mookie Betts,LAD,OF,31,62,246,44,76,14,3,9,32,9,1,40,28,0,0,0,.309,.406,.500,.906
Ketel Marte,ARI,2B,30,61,243,40,67,14,2,12,32,1,0,21,52,0,5,3,.276,.335,.498,.833
Willy Adames,MIL,SS,28,62,242,33,60,17,0,9,42,8,2,28,61,0,1,1,.248,.327,.430,.757
Bryan De La Cruz,MIA,OF,27,61,242,29,59,9,0,10,27,1,1,19,66,0,2,1,.244,.299,.405,.704
Yandy Diaz,TB,1B,32,61,239,23,58,12,1,4,29,0,0,25,36,0,2,2,.243,.317,.351,.668
Shohei Ohtani,LAD,DH,29,60,239,42,77,17,2,15,40,14,1,27,57,0,2,1,.322,.390,.598,.988
Pete Alonso,NYM,1B,29,62,239,36,57,15,0,14,31,1,0,23,53,0,1,4,.238,.315,.477,.792
Matt Chapman,SF,3B,31,62,239,40,57,17,0,8,28,5,0,23,60,0,0,3,.238,.313,.410,.723
Teoscar Hernandez,LAD,OF,31,63,239,33,59,11,1,12,38,3,2,22,78,0,0,2,.247,.316,.452,.768
Yordan Alvarez,HOU,OF,26,62,239,33,68,12,0,12,28,3,0,25,44,0,2,3,.285,.357,.485,.842
Jeremy Pena,HOU,SS,26,62,239,34,73,10,1,5,23,9,4,9,42,1,2,4,.305,.339,.418,.757
Juan Soto,NYY,OF,25,63,238,48,76,11,3,17,53,4,2,44,48,0,4,1,.319,.422,.605,1.027
Nick Castellanos,PHI,OF,32,63,238,32,51,7,1,8,28,1,2,19,55,0,1,2,.214,.277,.353,.630
Adley Rutschman,BAL,C,26,57,237,32,72,8,0,10,40,1,0,14,43,0,2,1,.304,.343,.464,.807
Alec Bohm,PHI,3B,27,62,237,29,69,23,1,6,50,2,1,18,36,0,3,3,.291,.345,.473,.818
Jake Cronenworth,SD,2B,30,61,236,25,60,14,2,8,39,1,2,20,45,1,3,2,.254,.314,.432,.746
Josh Bell,MIA,1B,31,62,235,26,60,12,1,6,30,0,0,20,50,0,2,5,.255,.324,.391,.715
Jose Ramirez,CLE,3B,31,59,235,46,64,13,1,16,58,9,2,20,29,0,2,1,.272,.329,.540,.869
Jazz Chisholm,MIA,OF,26,61,235,28,58,11,3,8,29,11,3,21,61,0,0,2,.247,.314,.421,.735
Vladimir Guerrero,TOR,1B,25,61,234,27,68,10,0,6,27,2,0,34,46,0,0,1,.291,.383,.410,.793
Lourdes Gurriel,ARI,OF,30,57,233,28,56,11,0,8,36,3,1,12,46,0,0,1,.240,.280,.391,.671
Anthony Rizzo,NYY,1B,34,61,233,29,55,7,0,7,25,0,0,14,45,0,1,6,.236,.295,.356,.651
Michael Harris,ATL,OF,23,59,232,26,59,9,1,5,19,8,4,13,53,0,1,1,.254,.296,.366,.662
Gunnar Henderson,BAL,SS,22,60,231,47,61,8,4,19,42,8,0,34,63,0,2,5,.264,.368,.580,.948
Freddie Freeman,LAD,1B,34,63,231,36,68,17,2,7,35,3,1,36,46,0,4,6,.294,.397,.476,.873
Alex Bregman,HOU,3B,30,59,230,23,53,11,1,9,29,2,0,20,36,0,2,1,.230,.292,.404,.696
Kyle Schwarber,PHI,OF,31,61,229,44,53,4,0,11,35,4,1,46,81,0,5,1,.231,.356,.393,.749
Taylor Ward,LAA,OF,30,61,229,30,58,11,0,11,34,2,3,25,60,0,4,0,.253,.322,.445,.767
Gleyber Torres,NYY,2B,27,63,229,27,53,10,0,5,19,4,1,24,62,1,2,2,.231,.307,.341,.648
Paul Goldschmidt,STL,1B,36,58,229,29,51,9,0,7,22,3,0,24,78,0,0,2,.223,.302,.354,.656
Manny Machado,SD,3B,31,60,229,27,57,11,0,6,32,5,1,21,53,0,0,0,.249,.312,.376,.688
Corbin Carroll,ARI,OF,23,60,229,28,44,6,4,2,20,9,4,25,52,0,2,3,.192,.278,.279,.557
Elly De La Cruz,CIN,SS,22,62,228,39,55,11,1,10,26,32,6,28,84,2,0,4,.241,.335,.430,.765
Abraham Toro,OAK,3B,27,60,228,30,62,13,1,5,21,3,2,11,41,1,0,4,.272,.317,.404,.721
Thairo Estrada,SF,2B,28,59,228,33,57,12,1,8,32,1,2,8,45,0,2,3,.250,.282,.417,.699
Bo Bichette,TOR,SS,26,58,227,19,54,11,1,4,25,4,1,13,40,0,1,3,.238,.287,.348,.635
Nolan Arenado,STL,3B,33,58,226,23,57,10,0,6,28,0,1,17,40,0,3,2,.252,.306,.376,.682
Aaron Judge,NYY,OF,32,63,225,45,66,19,1,21,54,4,0,50,70,0,2,2,.293,.423,.667,1.090
Riley Greene,DET,OF,23,61,225,40,55,12,1,11,24,3,0,33,71,0,1,1,.244,.342,.453,.795
CJ Abrams,WSH,SS,23,55,224,32,55,10,4,9,26,8,4,13,50,1,2,3,.246,.293,.446,.739
Adolis Garcia,TEX,OF,31,59,224,30,50,10,0,13,40,4,1,16,68,0,5,3,.223,.278,.442,.720
Christian Walker,ARI,1B,33,62,224,38,58,10,0,12,38,2,2,32,64,0,5,3,.259,.352,.464,.816
Ryan McMahon,COL,3B,29,60,223,30,62,10,0,10,34,0,4,31,70,0,2,1,.278,.366,.457,.823
Jurickson Profar,SD,OF,31,65,220,34,71,11,0,8,38,3,2,33,36,0,2,4,.323,.417,.482,.899
JJ Bleday,OAK,OF,26,63,220,25,55,18,3,8,22,0,1,28,48,1,0,0,.250,.335,.468,.803
Salvador Perez,KC,C,34,60,219,24,69,15,0,10,41,0,0,18,39,0,0,6,.315,.383,.521,.904
Matt Olson,ATL,1B,30,59,218,27,51,14,1,9,33,0,0,25,63,0,2,4,.234,.321,.431,.752
Corey Seager,TEX,SS,30,57,218,29,59,5,0,13,30,0,0,30,43,0,1,1,.271,.360,.472,.832
Alex Verdugo,NYY,OF,28,60,218,29,55,12,1,8,34,1,1,21,31,0,6,1,.252,.313,.427,.740
Andres Gimenez,CLE,2B,25,55,218,34,59,9,1,4,33,9,3,11,37,1,3,10,.271,.331,.376,.707
Ha-Seong Kim,SD,2B,28,64,217,31,48,8,3,7,27,13,2,35,42,1,1,1,.221,.331,.382,.713
Ryan Mountcastle,BAL,1B,27,55,217,33,61,16,1,10,29,2,0,13,51,0,2,0,.281,.319,.502,.821
Marcell Ozuna,ATL,DH,33,59,217,35,67,12,0,17,53,0,0,28,56,0,2,1,.309,.387,.599,.986
Brandon Nimmo,NYM,OF,31,59,216,31,48,10,2,7,31,5,0,34,62,0,0,9,.222,.351,.384,.735
Orlando Arcia,ATL,SS,29,59,216,22,50,14,0,6,21,0,0,7,45,0,5,1,.231,.253,.380,.633
Brendan Donovan,STL,2B,27,55,216,27,51,14,1,4,26,0,2,19,35,0,3,8,.236,.317,.366,.683
Isaac Paredes,TB,3B,25,58,215,27,64,13,0,10,37,0,1,25,40,0,2,6,.298,.383,.498,.881
Spencer Steer,CIN,3B,26,60,215,29,53,14,1,7,40,11,1,31,48,0,1,4,.247,.351,.419,.770
Eugenio Suarez,ARI,3B,32,61,214,23,43,10,1,4,27,2,0,16,70,0,5,5,.201,.267,.313,.580
Kyle Tucker,HOU,OF,27,60,214,42,57,11,0,19,40,10,0,46,41,0,1,0,.266,.395,.584,.979
Bryce Harper,PHI,1B,31,58,213,35,57,10,0,14,44,3,2,39,58,0,2,0,.268,.378,.512,.890
Randy Arozarena,TB,OF,29,60,213,28,36,8,0,8,19,7,4,31,68,0,1,4,.169,.285,.319,.604
Christopher Morel,CHC,OF,24,61,212,29,43,4,1,11,37,6,2,31,55,0,4,5,.203,.313,.387,.700
Brendan Rodgers,COL,2B,27,57,212,24,58,14,1,3,22,1,0,11,50,0,1,0,.274,.308,.392,.700
Jordan Westburg,BAL,2B,25,56,211,30,59,11,3,9,36,6,3,15,44,1,1,3,.280,.335,.488,.823
Josh Naylor,CLE,1B,26,57,210,34,48,9,0,16,44,3,2,24,39,0,3,4,.229,.315,.500,.815
Starling Marte,NYM,OF,35,56,210,32,58,7,2,6,25,10,0,14,49,1,1,2,.276,.326,.414,.740
Anthony Santander,BAL,OF,29,56,209,32,47,12,1,12,35,0,0,18,43,0,1,6,.225,.303,.464,.767
Andrew Vaughn,CWS,1B,26,56,209,16,44,12,0,4,19,1,0,16,55,0,1,3,.211,.275,.325,.600
Spencer Torkelson,DET,1B,24,54,209,24,42,15,0,4,18,0,0,16,56,0,1,3,.201,.266,.330,.596
Ceddanne Rafaela,BOS,OF,23,61,208,28,42,9,2,7,33,8,5,8,61,2,3,1,.202,.232,.365,.597
Nico Hoerner,CHC,SS,27,55,208,31,53,13,1,2,17,6,2,23,23,0,1,5,.255,.342,.356,.698
Oneil Cruz,PIT,SS,25,55,208,24,50,13,1,7,20,4,1,16,78,0,0,0,.240,.295,.413,.708
Brenton Doyle,COL,OF,26,59,207,36,55,11,2,5,16,14,3,23,63,3,1,1,.266,.341,.411,.752
Ian Happ,CHC,OF,29,57,207,31,48,13,1,6,27,3,1,28,64,0,1,4,.232,.333,.391,.724
Giancarlo Stanton,NYY,OF,34,55,207,26,49,9,0,15,35,0,0,14,69,0,0,0,.237,.285,.498,.783
George Springer,TOR,OF,34,55,205,27,43,7,0,5,13,7,0,27,36,0,2,1,.210,.302,.317,.619
Willi Castro,MIN,OF,27,61,205,31,52,12,4,4,16,7,4,20,59,0,1,4,.254,.330,.410,.740
Zach Neto,LAA,SS,23,60,205,21,52,13,0,7,23,8,6,13,54,0,0,1,.254,.301,.420,.721
Vinnie Pasquantino,KC,1B,26,58,205,28,49,15,1,7,40,0,0,21,33,0,8,4,.239,.311,.424,.735
Ty France,SEA,1B,29,59,205,20,51,9,0,7,26,0,1,17,53,0,1,5,.249,.320,.395,.715
Yainer Diaz,HOU,C,25,55,204,21,51,10,1,6,29,0,0,8,33,0,3,1,.250,.278,.397,.675
Jeff McNeil,NYM,2B,32,57,203,20,46,10,0,3,14,3,0,17,25,1,0,3,.227,.296,.320,.616
Jeimer Candelario,CIN,3B,30,54,203,22,48,14,2,8,25,2,3,17,57,0,1,3,.236,.304,.443,.747
Mitch Haniger,SEA,OF,33,58,202,19,45,7,0,6,24,0,0,17,60,0,1,0,.223,.282,.347,.629
Ozzie Albies,ATL,2B,27,51,202,27,55,15,0,4,29,4,1,17,37,0,1,4,.272,.339,.406,.745
Jackson Merrill,SD,SS,21,61,202,23,54,4,1,3,22,7,2,11,33,1,1,0,.267,.304,.342,.646
Leody Taveras,TEX,OF,25,59,201,25,47,9,2,4,13,5,2,21,42,1,0,0,.234,.306,.358,.664
Will Smith,LAD,C,29,53,201,32,60,16,0,9,38,0,1,20,34,0,4,3,.299,.364,.512,.876
Jonah Heim,TEX,C,28,55,199,22,50,6,0,6,31,1,0,12,39,0,1,1,.251,.296,.372,.668
J.T. Realmuto,PHI,C,33,49,199,28,53,8,1,7,20,1,2,11,58,0,1,2,.266,.310,.422,.732
Mark Canha,DET,OF,35,56,197,28,47,10,0,6,25,2,0,27,50,0,1,6,.239,.346,.381,.727
Jesse Winker,WSH,OF,30,59,196,29,49,10,0,6,28,11,3,29,57,0,2,7,.250,.363,.393,.756
Brice Turang,MIL,2B,24,58,196,26,57,12,0,3,21,21,1,20,36,3,2,1,.291,.356,.398,.754
Joey Meneses,WSH,DH,32,52,195,12,46,7,0,2,30,2,0,16,41,0,4,3,.236,.298,.303,.601
Connor Joe,PIT,OF,31,54,195,34,53,14,0,6,24,2,1,21,43,0,1,3,.272,.350,.436,.786
Nolan Schanuel,LAA,1B,22,54,194,18,42,4,0,6,19,0,0,16,38,2,2,4,.216,.287,.330,.617
Josh Smith,TEX,SS,26,60,193,30,56,15,1,4,24,4,0,18,42,0,0,9,.290,.377,.440,.817
Daulton Varsho,TOR,OF,27,57,193,33,41,11,3,10,31,5,1,23,53,0,0,0,.212,.296,.456,.752
Ronald Acuna,ATL,OF,26,49,192,38,48,8,1,4,15,16,3,27,53,0,0,3,.250,.351,.365,.716
Rafael Devers,BOS,3B,27,51,191,34,55,12,2,13,32,1,0,27,51,0,1,2,.288,.380,.576,.956
Andrew Benintendi,CWS,OF,29,51,190,13,37,5,0,4,18,2,1,9,35,0,1,0,.195,.230,.284,.514
Cody Bellinger,CHC,OF,28,48,190,21,49,10,1,8,29,2,1,17,34,0,2,2,.258,.322,.447,.769
Jonathan India,CIN,2B,27,55,190,24,46,6,1,4,24,5,1,33,46,0,3,3,.242,.358,.347,.705
Cal Raleigh,SEA,C,27,57,190,24,39,5,0,11,33,0,0,20,73,0,3,1,.205,.280,.405,.685
Bryson Stott,PHI,2B,26,58,190,31,46,6,2,5,32,17,1,28,32,0,5,3,.242,.341,.374,.715
Sal Frelick,MIL,OF,24,56,189,30,47,7,1,2,13,8,2,21,44,0,0,3,.249,.333,.328,.661
Carlos Santana,MIN,1B,38,56,189,19,41,6,0,9,24,1,0,20,35,0,0,3,.217,.302,.392,.694
Andrew McCutchen,PIT,DH,37,50,188,30,43,5,0,8,20,1,1,25,56,0,0,5,.229,.335,.383,.718
Xander Bogaerts,SD,SS,31,47,187,23,41,6,0,4,14,4,0,12,40,0,1,0,.219,.265,.316,.581
Nolan Gorman,STL,2B,24,54,187,28,43,8,0,14,31,2,1,23,73,0,0,0,.230,.314,.497,.811
Tyler Freeman,CLE,3B,25,54,187,33,41,11,0,5,24,8,3,16,32,2,2,9,.219,.308,.358,.666
Jorge Soler,SF,OF,32,51,186,24,40,9,0,7,18,0,0,18,45,0,2,2,.215,.288,.376,.664
Elias Diaz,COL,C,33,51,186,20,57,12,0,5,27,0,0,11,34,0,2,3,.306,.351,.452,.803
Mike Tauchman,CHC,OF,33,55,186,36,50,10,1,5,18,4,1,29,45,0,1,2,.269,.372,.414,.786
Jared Triolo,PIT,3B,26,54,185,15,40,4,0,3,19,4,1,21,52,0,4,1,.216,.294,.286,.580
Matt Vierling,DET,OF,27,55,185,26,52,8,4,7,28,0,0,8,44,0,2,1,.281,.311,.481,.792
Logan O'Hoppe,LAA,C,24,53,185,24,47,6,1,7,26,0,0,13,50,1,0,2,.254,.310,.411,.721
Luis Garcia,WSH,2B,24,51,184,16,49,10,0,5,26,8,0,11,36,0,0,0,.266,.308,.402,.710
Jose Caballero,TB,2B,27,54,184,27,48,9,1,3,18,21,8,11,60,2,1,6,.261,.322,.370,.692
Shea Langeliers,OAK,C,26,54,183,22,37,8,2,12,30,2,1,14,54,0,3,3,.202,.266,.464,.730
Will Benson,CIN,OF,25,59,183,20,38,12,2,8,20,8,6,26,81,0,1,1,.208,.308,.426,.734
Ryan Jeffers,MIN,C,27,54,183,25,44,14,0,12,36,2,0,15,51,1,3,10,.240,.327,.514,.841
Colt Keith,DET,3B,22,55,182,16,40,6,0,2,19,3,1,13,35,0,1,1,.220,.274,.286,.560
Brent Rooker,OAK,OF,29,50,182,25,50,12,1,12,39,2,1,23,69,0,0,2,.275,.362,.549,.911
Amed Rosario,TB,SS,28,48,182,15,55,10,3,2,21,5,4,4,30,0,0,0,.302,.317,.423,.740
Gavin Sheets,CWS,OF,28,56,182,16,43,14,1,5,22,1,0,26,37,0,2,3,.236,.338,.407,.745
Charlie Blackmon,COL,OF,37,51,182,26,44,12,3,2,24,3,1,16,23,0,0,2,.242,.310,.374,.684
Austin Riley,ATL,3B,27,46,181,27,42,10,2,3,19,0,0,16,49,0,0,2,.232,.302,.359,.661
Luis Campusano,SD,C,25,55,180,22,40,10,0,4,25,0,0,13,25,0,0,0,.222,.275,.344,.619
Dansby Swanson,CHC,SS,30,51,179,27,38,6,1,5,16,4,2,17,55,0,1,2,.212,.286,.341,.627
Isiah Kiner-Falefa,TOR,OF,29,60,179,18,48,6,2,4,19,3,0,11,28,1,1,1,.268,.313,.391,.704
Javier Baez,DET,SS,31,51,179,15,33,9,0,1,25,6,1,6,40,0,3,1,.184,.212,.251,.463
Justin Turner,TOR,1B,39,53,178,19,40,11,0,4,20,0,2,20,33,0,2,2,.225,.307,.354,.661
Elehuris Montero,COL,3B,25,52,178,17,38,7,0,3,23,0,0,17,41,0,2,0,.213,.279,.303,.582
Alec Burleson,STL,OF,25,53,178,17,49,7,0,8,23,2,0,8,25,0,0,0,.275,.306,.449,.755
Paul DeJong,CWS,SS,30,56,177,23,40,9,0,10,21,2,0,7,65,0,2,6,.226,.276,.446,.722
Blake Perkins,MIL,OF,27,52,177,29,44,6,0,5,19,6,1,17,52,0,1,3,.249,.323,.367,.690
Masyn Winn,STL,SS,22,54,175,20,54,11,2,3,21,8,3,16,33,2,4,0,.309,.359,.446,.805
Harrison Bader,NYM,OF,30,55,173,21,47,9,0,3,23,8,4,10,40,0,3,3,.272,.317,.376,.693
Michael Busch,CHC,3B,26,57,172,28,41,8,1,8,23,1,1,24,69,0,3,2,.238,.333,.436,.769
Nelson Velazquez,KC,OF,25,52,172,26,37,8,1,8,23,1,0,14,55,0,1,2,.215,.280,.413,.693
Davis Schneider,TOR,2B,25,54,171,26,42,14,0,7,30,3,0,23,52,0,3,4,.246,.343,.450,.793
Jackson Chourio,MIL,OF,20,53,171,21,36,4,0,6,19,7,1,10,50,1,1,0,.211,.253,.339,.592
Wilyer Abreu,BOS,OF,24,53,169,26,46,14,2,6,22,7,1,19,49,0,1,0,.272,.344,.485,.829
Edouard Julien,MIN,2B,25,58,169,24,35,6,0,7,17,6,0,24,66,0,0,1,.207,.309,.367,.676
Cedric Mullins,BAL,OF,29,55,169,23,30,3,1,6,22,12,2,10,47,0,2,1,.178,.225,.314,.539
Mitch Garver,SEA,C,33,52,169,18,28,8,0,5,17,0,0,22,61,0,2,3,.166,.270,.302,.572
MJ Melendez,KC,OF,25,53,168,14,28,8,2,5,13,2,0,12,48,0,0,1,.167,.227,.327,.554
Johan Rojas,PHI,OF,23,52,167,20,39,3,1,2,19,14,2,7,29,4,0,2,.234,.273,.299,.572
Colton Cowser,BAL,OF,24,57,167,25,39,12,0,7,26,3,1,21,55,0,2,4,.234,.330,.431,.761
Jesus Sanchez,MIA,OF,26,55,167,15,41,6,0,4,23,6,1,10,38,1,1,3,.246,.298,.353,.651
Eddie Rosario,WSH,OF,32,52,166,23,30,8,0,7,20,8,1,13,44,1,1,0,.181,.239,.355,.594
Zack Gelof,OAK,2B,24,44,166,18,32,6,1,5,13,6,1,13,60,1,1,1,.193,.254,.331,.585
Tim Anderson,MIA,SS,30,48,165,11,31,3,0,0,6,3,2,7,51,0,0,0,.188,.221,.206,.427
Harold Ramirez,TB,DH,29,48,164,21,44,3,0,1,13,5,2,3,33,0,1,1,.268,.284,.305,.589
Josh Rojas,SEA,3B,29,51,164,19,46,9,2,3,11,6,2,16,34,0,0,1,.280,.348,.415,.763
Nicky Lopez,CWS,2B,29,50,164,17,41,4,1,0,4,2,5,13,26,4,0,2,.250,.313,.287,.600
Brandon Marsh,PHI,OF,26,52,162,21,43,6,1,6,26,8,2,21,53,0,3,0,.265,.344,.426,.770
Jo Adell,LAA,OF,25,54,162,26,32,5,1,11,27,8,6,11,55,0,2,3,.198,.258,.444,.702
Luis Rengifo,LAA,2B,27,46,162,24,53,9,1,4,18,14,5,11,23,1,0,1,.327,.374,.469,.843
Gavin Lux,LAD,2B,26,47,161,17,34,6,2,1,13,2,0,12,38,0,0,0,.211,.266,.292,.558
Will Brennan,CLE,OF,26,53,160,20,39,5,1,5,19,3,1,12,22,0,1,2,.244,.303,.381,.684
Andy Pages,LAD,OF,23,43,160,25,42,7,0,6,18,1,2,5,51,0,3,3,.263,.292,.419,.711
Brayan Rocchio,CLE,SS,23,52,159,26,32,9,0,0,9,7,3,23,36,1,2,2,.201,.306,.258,.564
Tyler Stephenson,CIN,C,27,51,159,25,41,9,0,6,20,1,0,14,34,0,2,2,.258,.322,.428,.750
Jorge Polanco,SEA,2B,30,46,159,15,31,2,0,5,14,1,2,21,56,0,0,1,.195,.293,.302,.595
Mike Yastrzemski,SF,OF,33,54,159,19,34,5,2,6,24,1,0,14,50,1,0,1,.214,.282,.384,.666
Jake Burger,MIA,3B,28,41,158,16,36,4,0,4,21,0,1,8,41,0,2,0,.228,.262,.329,.591
Oswaldo Cabrera,NYY,OF,25,47,157,19,37,5,0,4,21,2,1,10,30,0,2,0,.236,.278,.344,.622
Joey Ortiz,MIL,2B,25,55,156,24,45,12,2,5,21,3,3,25,27,1,2,2,.288,.389,.487,.876
Hunter Renfroe,KC,OF,32,51,156,21,28,8,0,5,21,1,0,16,33,0,0,0,.179,.256,.327,.583
Ryan O'Hearn,BAL,1B,30,47,156,21,43,4,1,7,18,1,0,15,17,0,0,0,.276,.339,.449,.788
Dylan Moore,SEA,OF,31,51,155,20,34,10,2,6,20,9,2,20,47,0,2,8,.219,.335,.426,.761
Jake Meyers,HOU,OF,27,55,154,18,41,5,2,6,24,4,2,13,35,1,0,3,.266,.335,.442,.777
Carlos Correa,MIN,SS,29,43,154,22,38,11,2,4,22,0,0,18,37,0,3,0,.247,.320,.422,.742
Nick Gordon,MIA,OF,28,55,153,17,36,5,0,6,21,5,2,6,35,0,1,0,.235,.263,.386,.649
Michael Conforto,SF,OF,31,41,153,20,41,7,1,7,20,0,1,12,35,0,0,0,.268,.321,.464,.785
Gabriel Moreno,ARI,C,24,50,153,18,37,8,1,1,19,0,1,18,29,0,1,1,.242,.324,.327,.651
Seth Brown,OAK,OF,31,54,153,11,30,4,0,5,13,4,1,12,56,0,0,0,.196,.255,.320,.575
Jacob Young,WSH,OF,24,50,152,25,43,7,0,0,16,17,3,8,31,3,1,6,.283,.341,.329,.670
Tyler O'Neill,BOS,OF,28,42,152,30,37,6,0,11,18,1,0,22,59,0,0,2,.243,.347,.500,.847
Connor Wong,BOS,C,28,44,152,19,49,6,0,5,19,1,3,8,33,0,2,5,.322,.371,.461,.832
Rhys Hoskins,MIL,1B,31,43,151,18,36,5,0,10,28,2,0,19,37,0,1,4,.238,.337,.470,.807
Wilmer Flores,SF,1B,32,51,151,14,33,8,0,2,19,0,0,16,22,0,4,2,.219,.295,.311,.606
Brett Baty,NYM,3B,24,49,151,15,34,3,0,4,16,0,0,16,42,1,0,1,.225,.304,.325,.629
Jose Miranda,MIN,3B,25,46,150,20,41,9,1,6,20,1,0,5,24,0,1,2,.273,.304,.467,.771
Richie Palacios,TB,OF,27,51,149,26,39,4,0,4,12,9,0,20,43,0,1,2,.262,.355,.369,.724
Kyle Isbel,KC,OF,27,50,149,21,31,4,1,4,13,4,1,9,29,1,0,1,.208,.258,.329,.587
Jose Siri,TB,OF,28,50,149,19,28,7,0,5,21,7,6,13,61,2,2,5,.188,.272,.336,.608
Ke'Bryan Hayes,PIT,3B,27,40,149,19,37,7,0,2,15,2,0,18,29,0,4,2,.248,.329,.336,.665
Keibert Ruiz,WSH,C,25,42,149,14,30,4,0,3,13,1,1,4,23,0,1,4,.201,.241,.289,.530
Seiya Suzuki,CHC,OF,29,37,148,21,38,6,1,6,23,2,1,10,44,0,3,4,.257,.315,.432,.747
Wyatt Langford,TEX,OF,22,39,147,15,33,3,2,1,15,1,1,12,36,0,1,1,.224,.286,.293,.579
Wenceel Perez,DET,2B,24,42,146,22,37,6,5,3,15,4,2,14,34,1,1,0,.253,.317,.425,.742
J.P. Crawford,SEA,SS,29,38,146,22,31,8,1,4,15,1,0,17,35,0,1,1,.212,.297,.363,.660
Byron Buxton,MIN,DH,30,44,145,18,32,8,2,3,16,2,2,7,50,0,1,4,.221,.274,.366,.640
Jung Hoo Lee,SF,OF,25,37,145,15,38,4,0,2,8,2,3,10,13,0,2,1,.262,.310,.331,.641
Alex Kirilloff,MIN,1B,26,51,145,19,31,7,3,5,19,0,0,13,42,0,3,1,.214,.278,.407,.685
Kerry Carpenter,DET,OF,26,50,145,21,41,10,4,8,29,0,1,11,38,0,2,3,.283,.342,.572,.914
Evan Carter,TEX,OF,21,45,144,23,27,6,2,5,15,2,0,15,43,0,1,2,.188,.272,.361,.633
Jarred Kelenic,ATL,OF,24,48,144,16,38,9,1,3,12,0,1,9,46,0,1,0,.264,.305,.403,.708
Jack Suwinski,PIT,OF,25,51,144,17,25,5,0,5,14,5,0,18,45,1,1,0,.174,.264,.313,.577
Steven Kwan,CLE,OF,26,35,144,32,52,7,2,3,12,3,3,12,13,0,0,2,.361,.418,.500,.918
Ivan Herrera,STL,C,24,45,142,17,38,5,0,3,16,2,0,13,34,0,2,2,.268,.333,.366,.699
Luke Raley,SEA,OF,29,50,142,20,38,5,1,6,16,5,0,5,42,0,0,5,.268,.316,.444,.760
Jon Singleton,HOU,1B,32,47,142,20,30,3,0,5,14,0,0,22,44,0,1,0,.211,.315,.338,.653
Kevin Newman,ARI,SS,30,46,142,20,37,8,1,2,14,2,0,7,23,2,0,0,.261,.295,.373,.668
Lars Nootbaar,STL,OF,26,39,141,14,33,7,1,5,19,3,0,22,34,1,0,0,.234,.337,.404,.741
Nathaniel Lowe,TEX,1B,28,41,139,17,37,5,0,2,18,1,0,23,35,0,2,1,.266,.370,.345,.715
Jake Fraley,CIN,OF,29,47,139,23,40,6,1,1,9,10,4,12,30,0,2,1,.288,.344,.367,.711
Max Muncy,LAD,3B,33,40,139,24,31,8,0,9,28,0,0,21,50,0,5,2,.223,.323,.475,.798
Joc Pederson,ARI,OF,32,51,139,19,40,10,0,7,21,2,0,19,44,1,2,5,.288,.388,.511,.899
Mauricio Dubon,HOU,OF,29,49,138,16,41,8,0,2,20,2,1,5,10,0,2,1,.297,.322,.399,.721
Luis Arraez,MIA,2B,27,33,137,22,41,8,1,0,5,0,0,8,11,1,0,2,.299,.347,.372,.719
Max Kepler,MIN,OF,31,42,137,20,36,13,0,4,20,1,0,12,25,0,1,2,.263,.329,.445,.774
Trea Turner,PHI,SS,30,33,137,27,47,10,0,2,9,10,1,9,28,0,0,2,.343,.392,.460,.852
Mickey Moniak,LAA,OF,26,47,137,12,22,4,0,2,9,2,0,6,39,0,0,0,.161,.196,.234,.430
Korey Lee,CWS,C,25,46,137,13,35,4,0,5,16,4,2,7,40,0,0,0,.255,.292,.394,.686
Christian Yelich,MIL,OF,32,36,136,21,42,6,2,6,27,8,1,18,33,0,0,0,.309,.390,.515,.905
Rowdy Tellez,PIT,1B,29,51,136,11,26,4,0,1,12,0,0,11,33,0,1,1,.191,.255,.243,.498
Jake Bauers,MIL,1B,28,44,136,18,29,9,1,5,25,7,1,14,52,0,0,4,.213,.305,.404,.709
J.D. Martinez,NYM,DH,36,36,135,13,38,8,1,5,15,0,0,10,43,0,0,0,.281,.331,.467,.798
Travis d'Arnaud,ATL,C,35,46,134,18,33,13,0,5,21,0,0,12,36,0,2,3,.246,.318,.455,.773
Eloy Jimenez,CWS,DH,27,36,134,12,31,5,0,5,12,3,0,11,26,0,1,0,.231,.288,.381,.669
Bo Naylor,CLE,C,24,43,133,14,23,3,0,3,12,1,1,13,52,0,1,1,.173,.250,.263,.513
Jake McCarthy,ARI,OF,26,53,132,21,36,6,1,2,13,8,1,14,29,2,1,3,.273,.353,.379,.732
Tommy Pham,CWS,OF,36,33,132,19,37,7,0,3,12,3,1,9,31,0,0,1,.280,.331,.402,.733
LaMonte Wade,SF,OF,30,52,129,22,43,6,0,2,17,1,1,33,35,0,2,2,.333,.470,.426,.896
Joey Gallo,WSH,OF,30,41,128,15,21,7,0,5,11,1,1,19,65,0,1,3,.164,.285,.336,.621
Lane Thomas,WSH,OF,28,32,127,11,26,3,0,3,15,15,1,11,29,0,2,1,.205,.270,.299,.569
Nick Senzel,WSH,OF,28,40,127,15,30,7,0,5,13,0,3,20,33,0,0,1,.236,.345,.409,.754
Michael Taylor,PIT,OF,33,47,126,14,25,4,0,1,9,3,1,9,51,3,3,0,.198,.246,.254,.500
Enrique Hernandez,LAD,SS,32,46,126,7,25,1,0,3,9,0,0,10,28,0,1,0,.198,.255,.278,.533
Tyler Nevin,OAK,3B,27,40,123,11,27,3,0,4,10,1,0,13,31,0,1,3,.220,.307,.341,.648
Santiago Espinal,CIN,2B,29,43,123,11,24,3,0,3,17,6,0,11,19,3,4,0,.195,.254,.293,.547
Ezequiel Duran,TEX,SS,25,43,122,10,33,4,0,1,8,1,1,8,30,0,0,1,.270,.321,.328,.649
Patrick Bailey,SF,C,25,38,122,15,35,7,0,4,20,2,0,13,29,1,4,0,.287,.345,.443,.788
Adam Frazier,KC,2B,32,46,122,13,25,4,0,1,9,2,0,15,24,0,0,3,.205,.307,.262,.569
Gary Sanchez,MIL,C,31,42,122,16,26,5,0,7,21,0,0,9,34,0,1,4,.213,.287,.426,.713
Edward Olivares,PIT,OF,28,38,121,18,29,4,0,5,19,1,0,11,29,0,2,1,.240,.304,.397,.701
Miguel Amaya,CHC,C,25,42,121,9,23,2,1,2,13,0,0,9,31,1,2,2,.190,.254,.273,.527
Blaze Alexander,ARI,SS,24,44,120,17,36,7,0,3,19,2,1,11,34,0,0,0,.300,.359,.433,.792
Max Schuemann,OAK,OF,26,43,119,19,31,5,0,3,11,3,0,11,33,1,1,2,.261,.331,.378,.709
Tyrone Taylor,NYM,OF,30,47,119,14,28,6,1,2,16,6,0,4,27,1,1,0,.235,.258,.353,.611
J.D. Davis,OAK,3B,31,36,118,11,27,4,0,4,5,0,0,6,29,0,0,2,.229,.278,.364,.642
Luis Arraez,SD,2B,27,28,118,16,45,5,0,1,12,3,1,3,5,0,1,3,.381,.408,.449,.857
Jake Rogers,DET,C,29,39,116,19,26,5,0,4,8,0,0,8,40,0,0,2,.224,.286,.371,.657
Ildemaro Vargas,WSH,3B,32,40,116,13,32,10,0,0,9,5,3,13,13,3,0,0,.276,.349,.362,.711
Christian Encarnacion-Strand,CIN,1B,24,29,116,13,22,6,0,2,16,0,0,4,35,0,2,1,.190,.220,.293,.513
Mike Siani,STL,OF,24,55,115,15,23,2,1,1,8,6,2,7,35,7,1,1,.200,.250,.261,.511
Gabriel Arias,CLE,SS,24,38,115,11,24,7,1,1,10,4,0,5,38,0,1,1,.209,.246,.313,.559
Gio Urshela,DET,3B,32,36,115,10,31,5,0,2,13,0,0,5,18,0,1,1,.270,.303,.365,.668
Christian Vazquez,MIN,C,33,36,115,6,19,2,0,1,7,2,1,2,30,2,2,1,.165,.183,.209,.392
Adam Duvall,ATL,OF,35,42,115,13,22,4,0,5,15,0,0,12,33,0,1,2,.191,.277,.357,.634
Manuel Margot,MIN,OF,29,53,114,13,24,4,0,1,11,3,0,11,23,0,1,0,.211,.278,.272,.550
Jorge Mateo,BAL,SS,28,42,114,19,28,12,1,3,13,10,1,8,30,2,3,1,.246,.294,.447,.741
Danny Jansen,TOR,C,29,33,113,19,31,10,0,5,13,0,0,14,19,0,1,0,.274,.352,.496,.848
Nick Fortes,MIA,C,27,45,113,9,20,3,0,2,10,0,1,4,15,1,0,2,.177,.218,.257,.475
Vidal Brujan,MIA,2B,26,44,112,15,29,6,2,1,7,2,3,8,18,0,0,3,.259,.325,.375,.700
David Fry,CLE,C,28,42,111,27,38,6,0,8,27,4,0,24,26,0,2,7,.342,.479,.613,1.092
Cavan Biggio,TOR,2B,29,43,110,15,22,4,0,2,9,2,0,14,42,0,0,6,.200,.323,.291,.614
Jose Trevino,NYY,C,31,38,110,16,29,0,0,5,18,0,0,9,15,0,2,1,.264,.320,.400,.720
Nick Ahmed,SF,SS,34,36,110,9,26,4,1,0,11,0,1,5,23,2,1,1,.236,.274,.291,.565
Nick Martini,CIN,OF,33,38,110,20,22,3,1,4,21,0,1,4,29,0,3,3,.200,.242,.355,.597
Kevin Kiermaier,TOR,OF,34,43,109,12,22,4,2,1,8,4,0,7,37,3,1,1,.202,.254,.303,.557
Mike Trout,LAA,OF,32,29,109,17,24,1,2,10,14,6,1,16,27,0,0,1,.220,.325,.541,.866
Willie Calhoun,LAA,OF,29,30,109,14,31,10,0,1,7,0,0,4,13,0,1,0,.284,.307,.404,.711
James Outman,LAD,OF,27,36,109,10,16,4,0,3,10,2,1,13,40,0,0,2,.147,.250,.266,.516
Trey Lipscomb,WSH,3B,23,33,107,16,27,1,0,1,9,10,1,11,20,0,1,2,.252,.331,.290,.621
Ben Rortvedt,TB,C,26,45,107,16,26,4,0,0,9,1,0,18,32,0,0,1,.243,.357,.280,.637
Willson Contreras,STL,C,32,31,107,20,30,11,0,6,12,2,0,18,35,0,0,3,.280,.398,.551,.949
Lawrence Butler,OAK,OF,23,41,106,8,19,4,0,2,7,3,0,15,36,0,0,0,.179,.281,.274,.555
Austin Wells,NYY,C,24,36,105,11,20,7,0,1,5,1,0,14,23,0,2,0,.190,.281,.286,.567
Enmanuel Valdez,BOS,2B,25,34,105,12,20,6,0,4,16,0,1,4,32,1,3,0,.190,.214,.362,.576
Trevor Larnach,MIN,OF,27,32,105,15,27,2,0,6,18,0,0,10,25,0,1,0,.257,.319,.448,.767
Whit Merrifield,PHI,2B,35,33,105,14,18,4,0,2,4,6,1,11,11,1,0,0,.171,.250,.267,.517
Brandon Drury,LAA,2B,31,30,104,9,18,4,0,1,6,0,0,6,22,0,1,2,.173,.230,.240,.470
Stuart Fairchild,CIN,OF,28,47,104,16,25,3,0,4,14,6,1,12,26,1,0,2,.240,.331,.385,.716
Ernie Clement,TOR,SS,28,45,104,12,24,4,1,2,7,2,0,2,8,2,1,1,.231,.250,.346,.596
Carson Kelly,DET,C,29,37,103,8,24,3,1,2,13,0,0,10,25,0,0,3,.233,.319,.340,.659
Edmundo Sosa,PHI,SS,28,34,102,19,30,5,4,4,16,2,0,7,29,0,0,3,.294,.357,.539,.896
Alejandro Kirk,TOR,C,25,33,102,4,22,4,0,1,14,0,0,12,16,0,3,0,.216,.291,.284,.575
Michael Massey,KC,2B,26,29,102,17,30,6,0,6,23,0,0,3,16,2,3,0,.294,.306,.529,.835
DJ Stewart,NYM,OF,30,48,101,11,19,4,0,4,16,1,0,21,28,0,1,4,.188,.346,.347,.693
Emmanuel Rivera,MIA,3B,27,44,100,8,22,4,0,0,6,1,0,10,26,0,1,3,.220,.307,.260,.567
David Hamilton,BOS,SS,26,37,99,16,27,5,1,2,7,9,1,9,27,0,0,1,.273,.339,.404,.743
Freddy Fermin,KC,C,29,34,98,13,29,6,0,1,11,0,0,7,19,0,0,0,.296,.343,.388,.731
Rob Refsnyder,BOS,OF,33,34,98,12,33,9,1,2,14,1,1,10,25,0,0,2,.337,.409,.510,.919
Estevan Florial,CLE,OF,26,36,98,11,17,6,2,3,11,2,1,11,41,1,0,1,.173,.264,.367,.631
Reese McGuire,BOS,C,29,36,96,9,21,1,0,3,14,3,0,9,30,1,2,1,.219,.287,.323,.610
Kyle Farmer,MIN,SS,33,48,95,10,17,8,0,0,10,3,2,10,22,0,0,4,.179,.284,.263,.547
Chas McCormick,HOU,OF,29,30,95,7,19,3,0,0,8,3,0,9,30,0,1,1,.200,.274,.232,.506
Otto Lopez,MIA,SS,25,35,95,11,28,3,0,3,18,4,1,4,17,1,2,1,.295,.324,.421,.745
Nolan Jones,COL,OF,26,26,94,11,16,5,1,1,7,2,1,9,37,0,0,0,.170,.243,.277,.520
Jose Abreu,HOU,1B,37,30,94,7,11,1,0,1,5,0,0,4,25,0,1,2,.117,.168,.160,.328
Dominic Smith,BOS,1B,28,30,94,8,20,5,0,2,16,0,1,11,21,0,0,1,.213,.302,.330,.632
Martin Maldonado,CWS,C,37,33,92,2,7,1,0,1,4,0,0,5,37,2,0,0,.076,.124,.120,.244
Heliot Ramos,SF,OF,24,26,92,12,28,4,0,5,19,1,0,15,34,0,0,1,.304,.407,.511,.918
Oliver Dunn,MIL,2B,26,37,90,11,21,2,2,1,7,3,0,5,37,0,0,1,.233,.281,.333,.614
Randal Grichuk,ARI,OF,32,38,90,10,26,7,0,1,12,0,0,6,13,0,2,2,.289,.340,.400,.740
Miguel Rojas,LAD,SS,35,36,90,12,24,8,0,2,10,2,0,8,8,0,0,0,.267,.327,.422,.749
James McCann,BAL,C,33,26,89,11,18,5,0,1,9,0,0,1,17,0,1,0,.202,.209,.292,.501
Zach McKinstry,DET,2B,29,40,88,5,17,2,2,1,6,2,0,8,27,0,1,1,.193,.265,.295,.560
Curtis Mead,TB,3B,23,26,87,7,19,2,0,1,5,2,0,4,23,0,0,2,.218,.269,.276,.545
Nick Madrigal,CHC,2B,27,51,86,5,19,3,0,0,10,1,0,4,10,1,0,3,.221,.280,.256,.536
Kris Bryant,COL,OF,32,24,86,5,16,2,0,2,10,0,0,11,31,0,0,4,.186,.307,.279,.586
Austin Hays,BAL,OF,28,35,86,9,18,5,0,2,9,0,1,5,20,0,1,2,.209,.266,.337,.603
Ryan Noda,OAK,1B,28,30,86,7,11,3,0,1,2,0,0,12,32,1,0,1,.128,.242,.198,.440
Jake Cave,COL,OF,31,44,85,11,21,2,2,0,5,1,0,6,27,0,1,0,.247,.293,.318,.611
Luis Matos,SF,OF,22,21,85,9,19,3,0,2,20,0,0,3,10,0,1,0,.224,.247,.329,.576
Nick Gonzales,PIT,2B,25,23,84,12,26,5,1,3,20,2,0,5,22,1,2,2,.310,.355,.500,.855
Tomas Nido,NYM,C,30,32,83,9,19,2,0,3,8,0,0,4,20,2,1,0,.229,.261,.361,.622
Travis Jankowski,TEX,OF,32,40,83,8,20,3,0,1,7,4,0,4,14,0,0,2,.241,.292,.313,.605
Victor Caratini,HOU,C,30,31,83,13,20,5,0,4,16,0,0,4,13,0,2,2,.241,.286,.446,.732
Chris Taylor,LAD,OF,33,35,82,5,8,1,0,0,8,1,1,9,36,1,1,2,.098,.202,.110,.312
Jonny DeLuca,TB,OF,25,28,82,6,14,3,1,2,14,4,2,10,21,0,0,2,.171,.277,.305,.582
Danny Mendick,CWS,SS,30,25,82,8,18,6,0,2,6,2,0,3,24,0,0,1,.220,.256,.366,.622
Vaughn Grissom,BOS,SS,23,23,81,6,12,1,0,0,3,0,0,5,19,0,0,1,.148,.207,.160,.367
Yan Gomes,CHC,C,36,29,81,7,12,1,0,2,5,0,0,2,34,0,1,1,.148,.176,.235,.411
Jacob Stallings,COL,C,34,28,80,9,24,4,0,3,15,0,0,8,18,0,1,3,.300,.380,.463,.843
Masataka Yoshida,BOS,OF,30,24,80,12,22,3,0,2,11,0,0,6,11,0,0,3,.275,.348,.388,.736
Jordan Beck,COL,OF,23,23,79,4,15,4,0,2,8,2,0,1,30,0,1,0,.190,.198,.316,.514
Luis Urias,SEA,2B,27,34,79,8,12,4,0,3,12,0,0,7,31,0,0,5,.152,.264,.316,.580
Riley Adams,WSH,C,27,25,79,6,17,5,0,2,6,1,0,7,29,0,2,1,.215,.281,.354,.635
Triston Casas,BOS,1B,24,22,78,12,19,3,0,6,10,0,1,12,26,0,0,0,.244,.344,.513,.857
Andy Ibanez,DET,2B,31,31,77,12,21,4,0,2,13,1,1,3,23,0,2,1,.273,.301,.403,.704
Tyler Wade,SD,3B,29,40,77,14,20,2,0,0,7,5,1,8,19,2,0,1,.260,.337,.286,.623
Kevin Pillar,LAA,OF,35,23,76,15,28,3,1,5,21,4,2,3,12,0,0,2,.368,.407,.632,1.039
Austin Martin,MIN,OF,25,30,76,19,17,7,0,1,6,4,0,7,16,0,0,0,.224,.289,.355,.644
Dominic Canzone,SEA,OF,26,32,76,7,13,2,0,5,9,0,0,8,24,0,1,0,.171,.247,.395,.642
Dominic Fletcher,CWS,OF,26,28,75,4,13,4,0,0,6,0,0,6,26,1,0,2,.173,.253,.227,.480
Anthony Rendon,LAA,3B,34,19,75,9,20,3,0,0,3,3,1,6,15,0,1,1,.267,.325,.307,.632
Garrett Hampson,KC,SS,29,44,74,7,23,4,0,0,6,5,2,6,24,2,0,0,.311,.363,.365,.728
Sean Bouchard,COL,OF,28,25,74,11,15,6,0,1,6,4,0,11,27,1,1,2,.203,.318,.324,.642
Parker Meadows,DET,OF,24,32,73,9,7,1,1,2,3,3,1,11,32,0,0,1,.096,.224,.219,.443
Ramon Urias,BAL,3B,30,30,73,12,18,3,0,3,7,0,0,3,12,0,0,3,.247,.304,.411,.715
Luke Maile,CIN,C,33,28,72,5,13,2,0,1,5,0,0,7,27,0,0,4,.181,.289,.250,.539
Robbie Grossman,CWS,OF,34,25,71,6,15,4,0,0,4,2,0,13,20,0,1,0,.211,.329,.268,.597
Yasmani Grandal,PIT,C,35,21,71,6,13,3,0,2,12,1,0,1,15,1,0,0,.183,.194,.310,.504
Henry Davis,PIT,OF,24,24,71,7,12,4,0,0,4,0,0,11,30,0,2,1,.169,.282,.225,.507
Nick Allen,OAK,SS,25,28,70,4,12,2,0,1,3,0,0,5,19,2,0,0,.171,.227,.243,.470
Ramon Laureano,CLE,OF,29,31,70,7,10,3,0,1,4,3,1,7,32,0,1,5,.143,.265,.229,.494
Brandon Lowe,TB,2B,29,22,68,10,15,3,2,2,14,0,0,9,19,0,0,2,.221,.329,.412,.741
Christian Bethancourt,MIA,C,32,31,68,8,11,3,0,1,5,0,0,3,17,2,0,1,.162,.208,.250,.458
Pete Crow-Armstrong,CHC,OF,22,28,68,5,16,2,1,1,9,7,0,4,16,2,1,2,.235,.293,.338,.631
Darell Hernaiz,OAK,SS,22,29,66,7,12,0,0,0,6,1,0,6,16,1,2,0,.182,.243,.182,.425
Kyle Manzardo,CLE,1B,23,23,66,4,14,8,0,0,6,0,0,2,20,0,0,1,.212,.246,.333,.579
Mark Vientos,NYM,DH,24,20,66,12,22,4,0,5,12,0,0,7,15,0,1,0,.333,.392,.621,1.013
Omar Narvaez,NYM,C,32,28,65,4,10,2,0,0,5,0,0,3,12,1,0,0,.154,.191,.185,.376
Jose Azocar,SD,OF,28,49,65,10,15,2,0,0,2,3,1,5,17,1,0,0,.231,.286,.262,.548
Daniel Vogelbach,TOR,DH,31,28,64,4,13,5,0,1,8,0,0,7,17,0,0,0,.203,.282,.328,.610
Braden Shewmake,CWS,SS,26,29,64,4,8,2,0,1,4,5,1,1,10,0,2,0,.125,.134,.203,.337
Kyle McCann,OAK,C,26,24,63,9,19,3,0,3,8,0,0,9,22,0,0,0,.302,.389,.492,.881
Tyler Fitzgerald,SF,OF,26,26,63,9,17,4,1,1,4,5,1,4,24,0,0,1,.270,.324,.413,.737
Garrett Cooper,BOS,1B,33,22,63,3,10,4,0,0,4,0,0,3,19,0,0,2,.159,.221,.222,.443
Alika Williams,PIT,SS,25,23,62,8,13,1,2,0,2,1,0,2,14,4,0,0,.210,.234,.290,.524
Patrick Wisdom,CHC,3B,32,28,61,7,14,4,1,3,12,3,0,6,19,0,1,1,.230,.304,.475,.779
Miguel Sano,LAA,1B,31,21,61,8,16,3,0,1,5,0,0,8,27,0,1,1,.262,.352,.361,.713
Pablo Reyes,BOS,SS,30,21,60,4,11,2,0,0,5,1,2,3,19,0,0,1,.183,.234,.217,.451
Mike Ford,CIN,DH,31,17,60,2,9,0,1,1,4,0,0,2,15,0,0,0,.150,.177,.233,.410
Joey Bart,PIT,C,27,22,60,7,16,3,0,4,12,0,0,8,19,0,0,1,.267,.362,.517,.879
Victor Scott,STL,OF,23,20,59,6,5,3,0,0,2,2,0,2,15,0,2,2,.085,.138,.136,.274
Hunter Goodman,COL,OF,24,19,59,6,10,4,0,2,8,1,1,2,18,0,0,2,.169,.222,.339,.561
Jordan Walker,STL,OF,22,20,58,4,9,4,1,0,4,0,0,6,18,0,2,1,.155,.239,.259,.498
Bobby Dalbec,BOS,1B,28,25,57,3,8,2,0,0,6,2,0,4,31,1,0,1,.140,.210,.175,.385
Aaron Hicks,LAA,OF,34,18,57,6,8,0,0,1,5,0,0,6,23,0,0,0,.140,.222,.193,.415
Donovan Solano,SD,2B,36,20,56,4,19,3,0,1,4,0,0,5,9,0,0,2,.339,.413,.446,.859
Jon Berti,NYY,SS,34,17,55,6,15,0,0,1,6,4,1,4,13,1,0,0,.273,.322,.327,.649
Francisco Alvarez,NYM,C,22,16,55,8,13,4,0,1,8,1,0,4,14,0,0,0,.236,.288,.364,.652
Dairon Blanco,KC,OF,31,37,55,16,14,3,0,1,4,12,3,5,15,1,1,1,.255,.323,.364,.687
Cristian Pache,PHI,OF,25,27,55,5,11,1,1,0,8,0,0,8,24,0,1,0,.200,.297,.255,.552
Esteury Ruiz,OAK,OF,25,29,55,10,11,2,1,2,8,5,4,4,20,2,2,2,.200,.270,.382,.652
Josh Lowe,TB,OF,26,15,54,5,13,5,0,2,4,0,0,4,16,0,0,0,.241,.293,.444,.737
Corey Julks,CWS,OF,28,16,54,6,17,5,0,2,6,2,0,7,12,0,0,0,.315,.393,.519,.912
Tucker Barnhart,ARI,C,33,21,54,10,8,2,0,0,1,1,0,12,23,2,0,0,.148,.303,.185,.488
Matt Carpenter,STL,DH,38,16,53,4,10,1,0,1,4,0,0,5,17,0,0,1,.189,.271,.264,.535
Kyle Higashioka,SD,C,34,19,53,3,8,2,0,2,4,0,0,1,22,0,0,0,.151,.167,.302,.469
Jared Walsh,TEX,1B,30,17,53,9,12,2,0,1,7,0,0,7,21,0,0,0,.226,.317,.321,.638
Garrett Stubbs,PHI,C,31,18,52,6,9,1,0,0,3,3,0,7,13,0,0,0,.173,.271,.192,.463
Chadwick Tromp,ATL,C,29,19,52,3,13,6,0,0,6,0,0,1,17,0,1,0,.250,.259,.365,.624
Jason Heyward,LAD,OF,34,19,52,10,14,4,1,2,6,2,0,5,8,0,1,1,.269,.339,.500,.839
Austin Hedges,CLE,C,31,18,52,4,6,1,0,1,7,1,0,2,20,0,1,0,.115,.145,.192,.337
Nick Loftin,KC,1B,25,21,52,8,14,0,0,0,7,0,0,6,8,1,2,0,.269,.333,.269,.602
Lenyn Sosa,CWS,2B,24,17,51,3,11,2,0,1,4,0,0,3,16,1,0,1,.216,.273,.314,.587
Pavin Smith,ARI,OF,28,24,51,9,15,5,0,3,14,0,0,3,7,0,1,0,.294,.327,.569,.896
Avisail Garcia,MIA,OF,32,18,50,4,12,1,0,2,2,0,0,1,13,0,0,0,.240,.255,.380,.635
Austin Barnes,LAD,C,34,19,48,2,10,1,0,0,2,0,0,7,12,1,0,0,.208,.309,.229,.538
Kyren Paris,LAA,SS,22,20,48,4,6,2,0,1,5,1,0,7,17,0,0,0,.125,.236,.229,.465
Eguy Rosario,SD,3B,24,28,48,4,12,5,0,3,6,0,0,2,19,1,0,1,.250,.294,.542,.836
Michael Toglia,COL,OF,25,15,47,7,5,0,0,4,8,0,0,1,20,0,0,1,.106,.143,.362,.505
Jonathan Aranda,TB,DH,26,18,47,8,10,2,0,1,3,0,0,5,14,0,0,0,.213,.288,.319,.607
TJ Friedl,CIN,OF,28,13,46,8,10,1,0,2,9,4,0,5,10,0,0,5,.217,.357,.370,.727
Dylan Carlson,STL,OF,25,23,46,5,6,0,0,0,0,0,0,6,13,0,0,1,.130,.245,.130,.375
Bryan Ramos,CWS,3B,22,15,46,4,9,2,0,0,2,0,0,1,8,0,1,0,.196,.208,.239,.447
Tyler Soderstrom,OAK,DH,22,20,46,2,8,3,0,1,5,0,0,8,23,0,0,1,.174,.309,.304,.613
Andrew Knizner,TEX,C,29,20,46,3,6,0,0,1,5,0,0,1,11,0,1,0,.130,.146,.196,.342
Matt Thaiss,LAA,C,29,18,46,4,10,3,0,1,5,0,0,7,15,0,0,0,.217,.321,.348,.669
Austin Slater,SF,OF,31,26,43,4,6,0,0,0,1,1,1,8,14,0,0,2,.140,.302,.140,.442
Brett Harris,OAK,3B,25,17,43,7,5,0,0,3,5,0,0,9,13,0,1,2,.116,.291,.326,.617
Dane Myers,MIA,OF,28,20,42,7,10,1,1,1,8,1,0,4,17,0,1,2,.238,.327,.381,.708
Rene Pinto,TB,C,27,19,42,5,9,3,0,2,6,0,0,4,18,1,1,1,.214,.292,.429,.721
Cole Tucker,LAA,OF,27,19,42,3,8,3,1,0,3,3,1,5,13,0,1,0,.190,.271,.310,.581
Alex Jackson,TB,C,28,17,41,1,2,1,0,0,2,0,0,2,21,1,1,0,.049,.091,.073,.164
Luis Guillorme,LAA,2B,29,17,41,3,12,3,0,0,2,0,0,5,10,0,1,0,.293,.362,.366,.728
Miguel Andujar,OAK,OF,29,10,41,6,14,2,0,2,12,1,0,0,4,0,1,0,.341,.333,.537,.870
Alan Trejo,COL,SS,28,19,41,0,4,0,0,0,0,0,0,0,9,0,0,0,.098,.098,.098,.196
Brett Wisely,SF,2B,25,16,41,5,14,2,0,1,7,1,0,1,9,0,1,0,.341,.349,.463,.812
Jacob Hurtubise,CIN,OF,26,20,40,6,10,1,1,0,4,1,0,4,11,2,1,3,.250,.354,.325,.679
Miles Mastrobuoni,CHC,3B,28,19,40,5,5,1,0,0,2,0,0,5,9,0,0,0,.125,.222,.150,.372
Kody Clemens,PHI,3B,28,17,39,7,10,3,1,3,10,0,0,2,10,0,0,0,.256,.293,.615,.908
Joey Loperfido,HOU,OF,25,14,39,4,13,1,0,1,5,1,0,3,17,1,0,0,.333,.381,.436,.817
Yoan Moncada,CWS,3B,29,11,39,4,11,3,1,0,0,1,0,5,10,0,0,0,.282,.364,.410,.774
Zack Short,ATL,2B,29,16,39,7,6,2,0,0,3,1,0,8,11,0,0,1,.154,.313,.205,.518
Trent Grisham,NYY,OF,27,21,39,2,2,0,0,1,3,0,1,7,15,0,0,1,.051,.213,.128,.341
Seby Zavala,SEA,C,30,17,38,4,6,2,0,1,2,0,0,2,15,1,0,0,.158,.200,.289,.489
Luis Robert,CWS,OF,26,9,37,5,8,2,0,3,5,1,0,1,15,0,0,0,.216,.237,.514,.751
Austin Shenton,TB,3B,26,17,37,3,7,4,0,1,3,0,0,7,13,0,0,0,.189,.318,.378,.696
Garrett Cooper,CHC,1B,33,12,37,3,10,1,1,1,6,0,0,4,13,0,0,0,.270,.341,.432,.773
Brandon Crawford,STL,SS,37,13,37,3,6,1,0,1,1,0,0,3,14,0,0,0,.162,.225,.270,.495
Joey Wendle,NYM,3B,34,18,36,3,8,1,0,0,1,1,0,1,9,0,0,0,.222,.243,.250,.493
Romy Gonzalez,BOS,2B,27,17,35,2,9,1,1,0,6,2,0,3,7,0,1,0,.257,.308,.343,.651
Jackson Holliday,BAL,SS,20,10,34,5,2,0,0,0,1,0,0,2,18,0,0,0,.059,.111,.059,.170
Casey Schmitt,SF,SS,25,10,34,3,8,1,0,2,5,0,0,0,7,0,0,1,.235,.257,.441,.698
Jonatan Clase,SEA,OF,22,15,34,3,6,1,0,0,3,2,0,1,13,0,0,0,.176,.200,.206,.406
Tom Murphy,SF,C,33,13,34,3,4,1,0,1,2,0,0,4,14,0,0,0,.118,.211,.235,.446
Zach Remillard,CWS,2B,30,15,33,3,8,1,1,0,1,1,0,5,10,1,0,0,.242,.342,.333,.675
Graham Pauley,SD,3B,23,13,32,4,4,0,0,2,5,0,0,0,15,0,0,0,.125,.125,.313,.438
Blake Sabol,SF,C,26,11,32,3,10,2,0,0,1,0,0,5,9,0,0,1,.313,.421,.375,.796
Trevor Story,BOS,SS,31,8,31,1,7,3,0,0,4,1,1,3,9,0,0,0,.226,.294,.323,.617
Robbie Grossman,TEX,OF,34,14,31,2,5,1,0,0,3,0,0,7,5,0,0,0,.161,.316,.194,.510
Andruw Monasterio,MIL,2B,27,16,30,6,4,0,0,1,3,2,0,5,9,0,0,0,.133,.257,.233,.490
Davis Wendzel,TEX,3B,27,17,29,1,2,0,0,1,2,0,0,0,4,0,0,0,.069,.069,.172,.241
Curt Casali,SF,C,35,9,28,4,5,0,0,0,2,0,0,5,3,1,0,1,.179,.324,.179,.503
Kyle Stowers,BAL,OF,26,13,27,2,9,4,0,0,6,0,1,0,8,0,1,0,.333,.321,.481,.802
Owen Miller,MIL,2B,27,14,27,2,5,1,0,0,3,0,0,0,8,0,0,0,.185,.185,.222,.407
Matt Mervis,CHC,1B,26,9,26,1,3,1,0,0,3,0,0,1,8,0,0,0,.115,.148,.154,.302
Joey Wiemer,MIL,OF,25,19,26,2,4,0,0,0,0,1,1,1,9,0,0,0,.154,.185,.154,.339
Ehire Adrianza,LAA,OF,34,8,26,4,5,1,0,1,2,0,0,2,11,0,0,0,.192,.250,.346,.596
Kevin Pillar,CWS,OF,35,17,25,1,4,2,0,1,4,2,0,4,8,1,1,1,.160,.290,.360,.650
Victor Robles,WSH,OF,27,14,25,3,3,0,0,0,2,4,1,5,9,1,1,1,.120,.281,.120,.401
Matt Wallner,MIN,OF,26,13,25,1,2,1,0,1,4,0,0,3,17,0,1,4,.080,.273,.240,.513
Geraldo Perdomo,ARI,SS,24,7,24,3,6,1,0,0,2,0,0,2,3,0,0,1,.250,.333,.292,.625
Ji Hwan Bae,PIT,OF,24,8,24,5,5,0,0,0,2,2,1,2,7,0,0,0,.208,.269,.208,.477
Marco Luciano,SF,SS,22,10,24,6,9,2,1,0,1,0,0,3,5,0,0,0,.375,.444,.542,.986
Daz Cameron,OAK,OF,27,8,24,3,6,1,0,1,4,1,0,0,4,0,0,0,.250,.250,.417,.667
Johnathan Rodriguez,CLE,OF,24,8,23,3,3,1,0,0,3,0,0,5,9,0,0,0,.130,.286,.174,.460
Alexander Canario,CHC,DH,24,13,22,4,6,1,0,1,2,1,0,2,11,0,0,1,.273,.360,.455,.815
Tyler Black,MIL,3B,23,7,22,1,5,2,0,0,0,2,0,1,8,0,0,0,.227,.261,.318,.579
Sean Murphy,ATL,C,29,7,22,1,4,1,0,0,3,0,0,2,6,0,0,1,.182,.280,.227,.507
Jace Peterson,ARI,3B,34,14,22,2,1,0,0,0,1,0,0,3,6,0,1,0,.045,.154,.045,.199
DJ LeMahieu,NYY,3B,35,7,22,6,4,0,0,0,0,0,0,6,6,0,0,0,.182,.357,.182,.539
Jose Fermin,STL,2B,25,13,21,1,3,0,0,0,0,1,0,2,4,0,0,1,.143,.250,.143,.393
Akil Baddoo,DET,OF,25,8,20,2,4,1,1,1,2,1,0,2,7,0,1,0,.200,.261,.500,.761
Pedro Pages,STL,C,25,11,20,1,1,1,0,0,4,0,0,4,8,0,1,0,.050,.200,.100,.300
David Peralta,SD,OF,36,10,20,1,3,0,0,0,1,0,0,1,7,0,0,0,.150,.190,.150,.340
Luis Guillorme,ATL,2B,29,10,20,2,3,2,0,0,3,0,0,1,5,0,0,0,.150,.190,.250,.440
Jose Iglesias,NYM,SS,34,5,18,3,7,1,0,0,3,1,0,1,2,0,0,0,.389,.421,.444,.865
Addison Barger,TOR,OF,24,5,18,1,1,0,0,0,0,0,0,0,6,0,0,0,.056,.056,.056,.112
Bubba Thompson,CIN,OF,25,17,18,5,2,1,0,0,0,5,0,0,11,0,0,0,.111,.111,.167,.278
Trey Cabbage,HOU,OF,27,11,17,3,4,1,0,1,4,0,0,0,5,0,0,0,.235,.235,.471,.706
Josh Jung,TEX,3B,26,4,17,5,7,1,1,2,6,1,0,2,4,0,0,0,.412,.474,.941,1.415
Miguel Vargas,LAD,2B,24,6,16,4,4,2,0,1,3,0,0,1,5,0,0,0,.250,.294,.563,.857
Alex Call,WSH,OF,29,7,16,6,5,1,0,0,1,1,0,3,5,0,0,2,.313,.476,.375,.851
Niko Goodrum,TB,SS,32,9,16,1,3,0,0,0,0,0,1,1,6,1,0,0,.188,.235,.188,.423
Sam Haggerty,SEA,OF,30,8,15,1,1,0,0,0,1,1,0,1,4,0,0,0,.067,.125,.067,.192
Rafael Ortega,CWS,OF,33,14,14,4,1,0,0,0,1,2,0,2,4,0,1,0,.071,.176,.071,.247
Heston Kjerstad,BAL,DH,25,7,14,0,2,0,0,0,0,0,0,2,6,0,0,1,.143,.294,.143,.437
Alek Thomas,ARI,OF,24,4,14,2,3,1,0,1,4,0,0,0,3,0,0,0,.214,.214,.500,.714
Niko Goodrum,LAA,SS,32,4,13,1,0,0,0,0,0,1,0,2,4,0,0,0,.000,.133,.000,.133
Jakson Reetz,SF,C,28,5,12,1,1,0,0,1,1,0,0,0,4,0,0,0,.083,.083,.333,.416
Jonah Bride,MIA,3B,28,7,12,1,2,1,0,0,2,0,0,1,2,0,0,0,.167,.231,.250,.481
Ryan Bliss,SEA,SS,24,6,11,4,1,0,0,0,0,3,0,4,2,0,0,0,.091,.333,.091,.424
Grae Kessinger,HOU,SS,26,12,11,1,0,0,0,0,0,0,0,0,5,0,0,0,.000,.000,.000,.000
Aledmys Diaz,OAK,SS,33,4,11,1,1,0,0,0,1,0,0,0,2,0,0,0,.091,.091,.091,.182
Luis Torrens,NYM,C,28,4,10,3,3,1,0,2,4,0,0,1,3,0,0,0,.300,.364,1.000,1.364
Buddy Kennedy,DET,3B,25,6,10,2,2,0,0,1,4,1,0,2,4,0,1,0,.200,.308,.500,.808
Drew Millas,WSH,C,26,3,10,0,1,0,0,0,0,1,0,1,2,0,0,0,.100,.182,.100,.282
Jorge Barrosa,ARI,OF,23,3,10,1,2,1,0,0,1,0,0,0,1,0,0,0,.200,.200,.300,.500
Justyn-Henry Malloy,DET,OF,24,3,10,1,2,0,0,1,1,0,0,0,3,0,0,0,.200,.200,.500,.700
Ryan Vilade,DET,OF,25,4,9,0,2,0,0,0,3,0,0,1,1,0,0,0,.222,.300,.222,.522
Oscar Colas,CWS,OF,25,4,9,1,1,0,0,0,1,0,0,2,3,0,0,0,.111,.273,.111,.384
Derek Hill,TEX,OF,28,5,9,1,2,0,0,0,0,1,1,1,2,0,0,0,.222,.300,.222,.522
Tony Kemp,BAL,2B,32,5,9,1,0,0,0,0,0,0,0,1,1,0,0,0,.000,.100,.000,.100
Zack Short,NYM,2B,29,10,9,2,1,0,0,0,0,0,1,2,4,1,0,0,.111,.273,.111,.384
Trenton Brooks,SF,1B,28,5,9,2,1,0,0,0,0,0,0,2,3,0,0,0,.111,.273,.111,.384
Jahmai Jones,NYY,DH,26,13,8,2,2,0,0,1,1,1,0,1,4,0,0,1,.250,.400,.625,1.025
David Fletcher,ATL,2B,30,5,8,0,2,0,0,0,2,0,0,0,1,0,1,0,.250,.222,.250,.472
Brian Serven,TOR,C,29,7,8,1,0,0,0,0,0,0,0,1,4,0,0,1,.000,.200,.000,.200
Conner Capel,CIN,OF,27,5,8,1,2,0,0,0,0,1,0,0,2,0,0,0,.250,.250,.250,.500
Ryan McKenna,BAL,OF,27,9,8,3,3,0,0,2,2,0,1,1,1,0,0,0,.375,.444,1.125,1.569
Nasim Nunez,WSH,SS,23,16,8,5,0,0,0,0,0,2,1,0,3,0,0,0,.000,.000,.000,.000
Connor Norby,BAL,2B,23,2,7,1,1,0,0,1,2,0,0,0,2,0,0,0,.143,.143,.571,.714
Grant Koch,PIT,C,27,3,7,1,0,0,0,0,0,0,0,1,6,0,0,0,.000,.125,.000,.125
Royce Lewis,MIN,3B,25,3,7,3,4,0,0,3,3,0,0,2,1,0,0,0,.571,.667,1.857,2.524
Zack Short,BOS,2B,29,2,7,0,0,0,0,0,0,0,0,0,4,0,0,0,.000,.000,.000,.000
Leonardo Rivas,SEA,2B,26,5,6,2,2,0,1,0,0,0,0,0,3,0,0,0,.333,.333,.667,1.000
Ryan McKenna,SF,OF,27,4,6,1,0,0,0,0,0,1,0,0,4,0,0,0,.000,.000,.000,.000
Taylor Trammell,LAD,OF,26,5,6,0,0,0,0,0,0,0,0,0,3,0,0,0,.000,.000,.000,.000
Samad Taylor,SEA,2B,25,3,5,2,2,0,0,0,0,0,0,0,1,0,0,0,.400,.400,.400,.800
Zach DeLoach,CWS,OF,25,3,5,0,0,0,0,0,0,0,0,1,3,0,0,0,.000,.167,.000,.167
Daniel Schneemann,CLE,3B,27,2,5,0,2,1,0,0,2,0,0,1,1,0,0,0,.400,.500,.600,1.100
Tristan Gray,MIA,1B,28,5,5,0,0,0,0,0,0,0,0,0,2,0,0,0,.000,.000,.000,.000
Jhonny Pereda,MIA,C,28,5,5,0,0,0,0,0,0,0,0,0,1,0,0,0,.000,.000,.000,.000
David Dahl,PHI,OF,30,2,5,2,3,1,0,1,1,0,0,0,1,0,0,0,.600,.600,1.400,2.000
David Bote,CHC,2B,31,3,5,0,0,0,0,0,1,0,0,0,3,0,0,0,.000,.000,.000,.000
Jair Camargo,MIN,C,24,2,4,1,0,0,0,0,0,0,0,1,2,0,0,0,.000,.200,.000,.200
Matthew Batten,SD,3B,28,1,3,0,1,0,1,0,0,0,0,0,0,0,0,0,.333,.333,1.000,1.333
Jamie Westbrook,BOS,OF,28,3,3,0,1,0,0,0,0,0,0,1,1,0,0,1,.333,.600,.333,.933
Jason Delay,PIT,C,29,1,3,0,0,0,0,0,1,0,0,1,0,1,0,0,.000,.250,.000,.250
Luke Williams,ATL,SS,27,8,3,1,0,0,0,0,0,0,0,0,2,0,0,1,.000,.250,.000,.250
Brett Sullivan,SD,C,30,3,2,0,0,0,0,0,0,0,0,0,2,0,0,0,.000,.000,.000,.000
Blake Dunn,CIN,OF,25,2,2,2,0,0,0,0,0,0,0,1,0,0,0,0,.000,.333,.000,.333
Justin Foscue,TEX,2B,25,2,2,0,1,0,0,0,1,0,0,0,0,0,0,0,.500,.500,.500,1.000
Jonathan Ornelas,TEX,SS,24,1,1,0,0,0,0,0,0,0,0,0,0,0,0,0,.000,.000,.000,.000
J.P. Martinez,ATL,OF,28,2,1,1,0,0,0,0,0,0,0,0,1,0,0,0,.000,.000,.000,.000
Chris Roller,MIL,OF,27,1,1,0,0,0,0,0,0,0,0,0,1,0,0,0,.000,.000,.000,.000
Jacob Amaya,HOU,SS,25,1,1,0,0,0,0,0,0,0,0,0,0,0,0,0,.000,.000,.000,.000
Luis Vazquez,CHC,SS,24,2,1,1,0,0,0,0,0,0,0,0,1,0,0,0,.000,.000,.000,.000
David Banuelos,BAL,C,27,1,1,0,0,0,0,0,0,0,0,0,0,0,0,0,.000,.000,.000,.000
Taylor Trammell,NYY,OF,26,5,1,2,1,0,0,0,0,0,0,1,0,0,0,0,1.000,1.000,1.000,2.000
Forrest Wall,ATL,OF,28,2,1,1,0,0,0,0,0,0,0,0,0,0,0,0,.000,.000,.000,.000
Victor Robles,SEA,OF,27,1,1,0,0,0,0,0,0,0,0,0,0,0,0,0,.000,.000,.000,.000
Tyler Heineman,BOS,C,32,1,1,0,0,0,0,0,0,0,0,0,0,0,0,1,.000,.500,.000,.500
Brian Anderson,ATL,3B,31,1,1,0,0,0,0,0,0,0,0,0,0,0,0,0,.000,.000,.000,.000